Workbook
Name TAT_Acc_D: Model!$E$16
Name TAT_Acc_EV: Model!$D$16
Name TAT_AuxBase_D: Model!$E$23
Name TAT_AuxBase_EV: Model!$D$23
Name TAT_Cal_Apply: Model!$D$38
Name TAT_CF_D: Model!$E$42
Name TAT_CF_EV: Model!$D$42
Name TAT_Crr_D: Model!$E$10
Name TAT_Crr_EV: Model!$D$10
Name TAT_Descent_Share: Model!$D$22
Name TAT_EF_Diesel: Model!$E$35
Name TAT_EF_Grid: Model!$D$34
Name TAT_EtaCharger: Model!$D$31
Name TAT_EtaEng_D: Model!$E$17
Name TAT_EtaPT_D: Model!$E$20
Name TAT_EtaPT_EV: Model!$D$20
Name TAT_G_acc: Model!$D$14
Name TAT_HVAC_k: Model!$D$24
Name TAT_HVAC_Tset: Model!$D$25
Name TAT_IdleFuel_D: Model!$E$28
Name TAT_Kaero_D: Model!$E$15
Name TAT_Kaero_EV: Model!$D$15
Name TAT_Kerb_D: Model!$E$6
Name TAT_Kerb_EV: Model!$D$6
Name TAT_L_Basis: Calc!$E$2:$E$3
Name TAT_L_Bus: Calc!$H$2:$H$3
Name TAT_L_Corr: Calc!$A$2:$A$5
Name TAT_L_Dir: OFFSET(Calc!$B$2,0,0,1+COUNTIF(Calc!$B$3:$B$8,"?*"),1)
Name TAT_L_Metric: Calc!$F$2:$F$5
Name TAT_L_Month: Calc!$C$2:$C$5
Name TAT_L_RouteCorr: Calc!$I$2:$I$4
Name TAT_L_RouteDir: Model!$B$81:$B$86
Name TAT_LHV_kWhL: Model!$E$30
Name TAT_Pax_Default: Model!$D$7
Name TAT_Pax_Mass: Model!$D$8
Name TAT_Price_Diesel: Model!$E$33
Name TAT_Regen_EV: Model!$D$21
Name TAT_Sel_Basis: Dashboard!$M$8
Name TAT_Sel_Corridor: Dashboard!$B$8
Name TAT_Sel_Direction: Dashboard!$F$8
Name TAT_Sel_DirEff: Calc!$L$2
Name TAT_Sel_Metric: Dashboard!$Q$8
Name TAT_Sel_Month: Dashboard!$J$8
Name TAT_Tariff_EV: Model!$D$32
Name TAT_Temp_Default: Model!$D$26

Sheet Calc
A1: Corridors | B1: Dependent directions | C1: Month labels | D1: Month dates | E1: Basis | F1: Trend metric | H1: Vehicles | I1: Route corridors
A2: All | B2: All | C2: All | E2: Unique trips | F2: SEC (kWh/km) | H2: EV | I2: Chennai ↔ Pondicherry | L2: =IF(OR(TAT_Sel_Direction="All",TAT_Sel_Direction=""),"All",IF(TAT_Sel_Corridor="All",TAT_Sel_Direction,IF(COUNTIFS(Routes[Corridor],TAT_Sel_Corridor,Routes[Direction],TAT_Sel_Direction)=0,"All",TAT_Sel_Direction))) -> All
A3: Chennai ↔ Pondicherry | B3: =IFERROR(INDEX(Routes[Direction],_xlfn.AGGREGATE(15,6,(ROW(Routes[Direction])-ROW(INDEX(Routes[Direction],1))+1)/(((Routes[Corridor]=TAT_Sel_Corridor)+(TAT_Sel_Corridor="All"))>0),ROWS($B$3:B3))),"") -> Maduravoyal → Silk Board | C3: =TEXT(D3,"mmm yyyy") -> Jul 2026 | D3: 46204 | E3: All pair instances | F3: Efficiency (km/kWh) | H3: Diesel | I3: Maduravoyal ↔ Madiwala | L3: =IFERROR(MATCH(TAT_Sel_Metric,$F$2:$F$5,0),1) -> 1
A4: Maduravoyal ↔ Madiwala | B4: =IFERROR(INDEX(Routes[Direction],_xlfn.AGGREGATE(15,6,(ROW(Routes[Direction])-ROW(INDEX(Routes[Direction],1))+1)/(((Routes[Corridor]=TAT_Sel_Corridor)+(TAT_Sel_Corridor="All"))>0),ROWS($B$3:B4))),"") -> Silk Board → Maduravoyal | C4: =TEXT(D4,"mmm yyyy") -> Sep 2026 | D4: 46266 | F4: Energy cost (INR/km) | I4: Maduravoyal ↔ Silk Board
A5: Maduravoyal ↔ Silk Board | B5: =IFERROR(INDEX(Routes[Direction],_xlfn.AGGREGATE(15,6,(ROW(Routes[Direction])-ROW(INDEX(Routes[Direction],1))+1)/(((Routes[Corridor]=TAT_Sel_Corridor)+(TAT_Sel_Corridor="All"))>0),ROWS($B$3:B5))),"") | C5: =TEXT(D5,"mmm yyyy") -> Oct 2026 | D5: 46296 | F5: CO2 (kg/km)
B6: =IFERROR(INDEX(Routes[Direction],_xlfn.AGGREGATE(15,6,(ROW(Routes[Direction])-ROW(INDEX(Routes[Direction],1))+1)/(((Routes[Corridor]=TAT_Sel_Corridor)+(TAT_Sel_Corridor="All"))>0),ROWS($B$3:B6))),"")
B7: =IFERROR(INDEX(Routes[Direction],_xlfn.AGGREGATE(15,6,(ROW(Routes[Direction])-ROW(INDEX(Routes[Direction],1))+1)/(((Routes[Corridor]=TAT_Sel_Corridor)+(TAT_Sel_Corridor="All"))>0),ROWS($B$3:B7))),"")
B8: =IFERROR(INDEX(Routes[Direction],_xlfn.AGGREGATE(15,6,(ROW(Routes[Direction])-ROW(INDEX(Routes[Direction],1))+1)/(((Routes[Corridor]=TAT_Sel_Corridor)+(TAT_Sel_Corridor="All"))>0),ROWS($B$3:B8))),"")
K20: Selected fleet | L20: EV | M20: Diesel
K21: Selected trips | L21: =COUNTIFS(Trips[Bus Type],"EV",Trips[Flag all],1) -> 7 | M21: =COUNTIFS(Trips[Bus Type],"Diesel",Trips[Flag all],1) -> 7
K22: Distance (km) | L22: =SUMIFS(Trips[Distance (km)],Trips[Bus Type],"EV",Trips[Flag all],1) -> 2151.3212 | M22: =SUMIFS(Trips[Distance (km)],Trips[Bus Type],"Diesel",Trips[Flag all],1) -> 2164.4612
K23: Energy consumed (kWh) | L23: =SUMIFS(Trips[Energy consumed (kWh)],Trips[Bus Type],"EV",Trips[Flag all],1) -> 2001.7465 | M23: =SUMIFS(Trips[Energy consumed (kWh)],Trips[Bus Type],"Diesel",Trips[Flag all],1) -> 5352.0533
K24: Energy consumed (MJ) | L24: =SUMIFS(Trips[Energy consumed (MJ)],Trips[Bus Type],"EV",Trips[Flag all],1) -> 7206.2875 | M24: =SUMIFS(Trips[Energy consumed (MJ)],Trips[Bus Type],"Diesel",Trips[Flag all],1) -> 19267.392
K25: Diesel consumed (L) | L25: =SUMIFS(Trips[Diesel consumed (L)],Trips[Bus Type],"EV",Trips[Flag all],1) -> 0 | M25: =SUMIFS(Trips[Diesel consumed (L)],Trips[Bus Type],"Diesel",Trips[Flag all],1) -> 536.69615
K26: EV grid energy (kWh) | L26: =SUMIFS(Trips[EV grid energy (kWh)],Trips[Bus Type],"EV",Trips[Flag all],1) -> 2175.8114 | M26: =SUMIFS(Trips[EV grid energy (kWh)],Trips[Bus Type],"Diesel",Trips[Flag all],1) -> 0
K27: Wheel energy (kWh) | L27: =SUMIFS(Trips[Wheel energy (kWh)],Trips[Bus Type],"EV",Trips[Flag all],1) -> 1550.9518 | M27: =SUMIFS(Trips[Wheel energy (kWh)],Trips[Bus Type],"Diesel",Trips[Flag all],1) -> 1444.3301
K28: Energy cost (INR) | L28: =SUMIFS(Trips[Energy cost (INR)],Trips[Bus Type],"EV",Trips[Flag all],1) -> 20670.209 | M28: =SUMIFS(Trips[Energy cost (INR)],Trips[Bus Type],"Diesel",Trips[Flag all],1) -> 49376.046
K29: CO2 (kg) | L29: =SUMIFS(Trips[CO2 (kg)],Trips[Bus Type],"EV",Trips[Flag all],1) -> 1544.8261 | M29: =SUMIFS(Trips[CO2 (kg)],Trips[Bus Type],"Diesel",Trips[Flag all],1) -> 1438.3457
K30: Operating time (h) | L30: =SUMIFS(Trips[Operating time (h)],Trips[Bus Type],"EV",Trips[Flag all],1) -> 37.867767 | M30: =SUMIFS(Trips[Operating time (h)],Trips[Bus Type],"Diesel",Trips[Flag all],1) -> 37.211617
K31: t Charging (min) | L31: =SUMIFS(Trips[t Charging (min)],Trips[Bus Type],"EV",Trips[Flag all],1) -> 206.41667 | M31: =SUMIFS(Trips[t Charging (min)],Trips[Bus Type],"Diesel",Trips[Flag all],1) -> 0
K32: Trip time incl charging (h) | L32: =SUMIFS(Trips[Trip time incl charging (h)],Trips[Bus Type],"EV",Trips[Flag all],1) -> 41.308045 | M32: =SUMIFS(Trips[Trip time incl charging (h)],Trips[Bus Type],"Diesel",Trips[Flag all],1) -> 37.211617
K33: SEC kWh/km | L33: =IFERROR(L23/L22,"") -> 0.93047311 | M33: =IFERROR(M23/M22,"") -> 2.4726954
K34: Efficiency km/kWh | L34: =IFERROR(L22/L23,"") -> 1.0747221 | M34: =IFERROR(M22/M23,"") -> 0.40441698
K35: Economy km/L | L35: ="" | M35: =IFERROR(M22/M25,"") -> 4.032936
K36: Wheel / consumed energy | L36: =IFERROR(L27/L23,"") -> 0.77479928 | M36: =IFERROR(M27/M23,"") -> 0.26986467
K37: Cost/km | L37: =IFERROR(L28/L22,"") -> 9.6081463 | M37: =IFERROR(M28/M22,"") -> 22.812165
K38: CO2/km | L38: =IFERROR(L29/L22,"") -> 0.71808251 | M38: =IFERROR(M29/M22,"") -> 0.66452827
K39: Average charging/refuel minutes | L39: =IFERROR(L31/L21,"") -> 29.488095 | M39: =IFERROR(M31/M21,"") -> 0
K40: Average trip hours | L40: =IFERROR(L32/L21,"") -> 5.9011493 | M40: =IFERROR(M32/M21,"") -> 5.3159452
K41: Average trip energy | L41: =IFERROR(L23/L21,"") -> 285.96379 | M41: =IFERROR(M23/M21,"") -> 764.57904
K42: Operating speed | L42: =IFERROR(L22/L30,"") -> 56.811408 | M42: =IFERROR(M22/M30,"") -> 58.166278
K43: Energy saving | L43: =IFERROR(1-L33/M33,"") -> 0.62370087
K44: Cost saving | L44: =IFERROR(1-L37/M37,"") -> 0.57881479
K45: CO2 saving | L45: =IFERROR(1-L38/M38,"") -> -0.080589855
K46: Efficiency multiplier | L46: =IFERROR(L34/M34,"") -> 2.6574603
K47: Full TAT difference, minutes | L47: =IF(AND(L21>0,M21>0),(L40-M40)*60,"") -> 35.112243
K48: Global measured trips | L48: =COUNTIFS(Trips[Bus Type],"EV",Trips[Measured energy (kWh eq)],">0") -> 0 | M48: =COUNTIFS(Trips[Bus Type],"Diesel",Trips[Measured energy (kWh eq)],">0") -> 0
X50: Vehicle | Y50: Road load | Z50: Acceleration | AA50: Gradient | AB50: Auxiliaries / HVAC | AC50: Engine idling | AD50: Regeneration
K51: Road load | L51: =IFERROR(1*SUMIFS(Trips[Road-load net (kWh)],Trips[Bus Type],"EV",Trips[Flag all],1)*IF(TAT_Cal_Apply="Yes",TAT_CF_EV,1)/TAT_EtaPT_EV/L$22,0) -> 0.64883535 | M51: =IFERROR(1*SUMIFS(Trips[Road-load net (kWh)],Trips[Bus Type],"Diesel",Trips[Flag all],1)*IF(TAT_Cal_Apply="Yes",TAT_CF_D,1)/TAT_EtaPT_D/M$22,0) -> 1.5217789 | X51: EV | Y51: =L51 -> 0.64883535 | Z51: =L52 -> 0.23158681 | AA51: =L53 -> -0.011151175 | AB51: =L54 -> 0.142577 | AC51: =L55 -> 0 | AD51: =L56 -> -0.081374877
K52: Acceleration | L52: =IFERROR(1*SUMIFS(Trips[Inertial energy (kWh)],Trips[Bus Type],"EV",Trips[Flag all],1)*IF(TAT_Cal_Apply="Yes",TAT_CF_EV,1)/TAT_EtaPT_EV/L$22,0) -> 0.23158681 | M52: =IFERROR(1*SUMIFS(Trips[Inertial energy (kWh)],Trips[Bus Type],"Diesel",Trips[Flag all],1)*IF(TAT_Cal_Apply="Yes",TAT_CF_D,1)/TAT_EtaPT_D/M$22,0) -> 0.57564659 | X52: Diesel | Y52: =M51 -> 1.5217789 | Z52: =M52 -> 0.57564659 | AA52: =M53 -> -0.025086617 | AB52: =M54 -> 0.36573812 | AC52: =M55 -> 0.034618393 | AD52: =M56 -> 0
K53: Gradient | L53: =IFERROR(1*SUMIFS(Trips[Gradient wheel (kWh)],Trips[Bus Type],"EV",Trips[Flag all],1)*IF(TAT_Cal_Apply="Yes",TAT_CF_EV,1)/TAT_EtaPT_EV/L$22,0) -> -0.011151175 | M53: =IFERROR(1*SUMIFS(Trips[Gradient wheel (kWh)],Trips[Bus Type],"Diesel",Trips[Flag all],1)*IF(TAT_Cal_Apply="Yes",TAT_CF_D,1)/TAT_EtaPT_D/M$22,0) -> -0.025086617
K54: Auxiliaries / HVAC | L54: =IFERROR(1*SUMIFS(Trips[Auxiliary energy (kWh)],Trips[Bus Type],"EV",Trips[Flag all],1)*IF(TAT_Cal_Apply="Yes",TAT_CF_EV,1)/L$22,0) -> 0.142577 | M54: =IFERROR(1*SUMIFS(Trips[Auxiliary energy (kWh)],Trips[Bus Type],"Diesel",Trips[Flag all],1)*IF(TAT_Cal_Apply="Yes",TAT_CF_D,1)/M$22,0) -> 0.36573812
K55: Engine idling | L55: =IFERROR(1*SUMIFS(Trips[Idle fuel energy (kWh)],Trips[Bus Type],"EV",Trips[Flag all],1)*IF(TAT_Cal_Apply="Yes",TAT_CF_EV,1)/L$22,0) -> 0 | M55: =IFERROR(1*SUMIFS(Trips[Idle fuel energy (kWh)],Trips[Bus Type],"Diesel",Trips[Flag all],1)*IF(TAT_Cal_Apply="Yes",TAT_CF_D,1)/M$22,0) -> 0.034618393
K56: Regeneration | L56: =IFERROR(-1*SUMIFS(Trips[Regen recovered (kWh)],Trips[Bus Type],"EV",Trips[Flag all],1)*IF(TAT_Cal_Apply="Yes",TAT_CF_EV,1)/L$22,0) -> -0.081374877 | M56: =IFERROR(-1*SUMIFS(Trips[Regen recovered (kWh)],Trips[Bus Type],"Diesel",Trips[Flag all],1)*IF(TAT_Cal_Apply="Yes",TAT_CF_D,1)/M$22,0) -> 0
K60: Charging / refuelling | L60: =IFERROR(SUMIFS(Trips[t Charging (min)],Trips[Bus Type],"EV",Trips[Flag all],1)/L$21,0) -> 29.488095 | M60: =IFERROR(SUMIFS(Trips[t Charging (min)],Trips[Bus Type],"Diesel",Trips[Flag all],1)/M$21,0) -> 0 | X60: Vehicle | Y60: Charging / refuelling | Z60: Stop | AA60: Idle | AB60: Inching | AC60: Acceleration | AD60: Deceleration | AE60: Cruise
K61: Stop | L61: =IFERROR(SUMIFS(Trips[t Stop (min)],Trips[Bus Type],"EV",Trips[Flag all],1)/L$21,0) -> 26.230476 | M61: =IFERROR(SUMIFS(Trips[t Stop (min)],Trips[Bus Type],"Diesel",Trips[Flag all],1)/M$21,0) -> 22.495238 | X61: EV | Y61: =L60 -> 29.488095 | Z61: =L61 -> 26.230476 | AA61: =L62 -> 11.097619 | AB61: =L63 -> 5.5714286 | AC61: =L64 -> 53.244376 | AD61: =L65 -> 43.47156 | AE61: =L66 -> 184.9654
K62: Idle | L62: =IFERROR(SUMIFS(Trips[t Idle (min)],Trips[Bus Type],"EV",Trips[Flag all],1)/L$21,0) -> 11.097619 | M62: =IFERROR(SUMIFS(Trips[t Idle (min)],Trips[Bus Type],"Diesel",Trips[Flag all],1)/M$21,0) -> 3.2666667 | X62: Diesel | Y62: =M60 -> 0 | Z62: =M61 -> 22.495238 | AA62: =M62 -> 3.2666667 | AB62: =M63 -> 3.8333333 | AC62: =M64 -> 59.675636 | AD62: =M65 -> 44.607143 | AE62: =M66 -> 185.0787
K63: Inching | L63: =IFERROR(SUMIFS(Trips[t Inching (min)],Trips[Bus Type],"EV",Trips[Flag all],1)/L$21,0) -> 5.5714286 | M63: =IFERROR(SUMIFS(Trips[t Inching (min)],Trips[Bus Type],"Diesel",Trips[Flag all],1)/M$21,0) -> 3.8333333
K64: Acceleration | L64: =IFERROR(SUMIFS(Trips[t Acc (min)],Trips[Bus Type],"EV",Trips[Flag all],1)/L$21,0) -> 53.244376 | M64: =IFERROR(SUMIFS(Trips[t Acc (min)],Trips[Bus Type],"Diesel",Trips[Flag all],1)/M$21,0) -> 59.675636
K65: Deceleration | L65: =IFERROR(SUMIFS(Trips[t Dec (min)],Trips[Bus Type],"EV",Trips[Flag all],1)/L$21,0) -> 43.47156 | M65: =IFERROR(SUMIFS(Trips[t Dec (min)],Trips[Bus Type],"Diesel",Trips[Flag all],1)/M$21,0) -> 44.607143
K66: Cruise | L66: =IFERROR(SUMIFS(Trips[t Cruise (min)],Trips[Bus Type],"EV",Trips[Flag all],1)/L$21,0) -> 184.9654 | M66: =IFERROR(SUMIFS(Trips[t Cruise (min)],Trips[Bus Type],"Diesel",Trips[Flag all],1)/M$21,0) -> 185.0787
K71: 0.15 | L71: =IFERROR((L$23+($K71/TAT_Acc_EV-1)*SUMIFS(Trips[Inertial energy (kWh)],Trips[Bus Type],"EV",Trips[Flag all],1)*IF(TAT_Cal_Apply="Yes",TAT_CF_EV,1)*(1/TAT_EtaPT_EV-TAT_Regen_EV*TAT_EtaPT_EV))/L$22,NA()) -> 0.87606808 | M71: =IFERROR((M$23+($K71/TAT_Acc_D-1)*SUMIFS(Trips[Inertial energy (kWh)],Trips[Bus Type],"Diesel",Trips[Flag all],1)*IF(TAT_Cal_Apply="Yes",TAT_CF_D,1)*(1/TAT_EtaPT_D))/M$22,NA()) -> 2.2424367 | N71: =IFERROR(1-L71/M71,NA()) -> 0.60932317 | O71: =TEXT(K71,"0.00")&IF(ABS(K71-TAT_Acc_EV)<0.001," *","") -> 0.15
K72: 0.2 | L72: =IFERROR((L$23+($K72/TAT_Acc_EV-1)*SUMIFS(Trips[Inertial energy (kWh)],Trips[Bus Type],"EV",Trips[Flag all],1)*IF(TAT_Cal_Apply="Yes",TAT_CF_EV,1)*(1/TAT_EtaPT_EV-TAT_Regen_EV*TAT_EtaPT_EV))/L$22,NA()) -> 0.90327059 | M72: =IFERROR((M$23+($K72/TAT_Acc_D-1)*SUMIFS(Trips[Inertial energy (kWh)],Trips[Bus Type],"Diesel",Trips[Flag all],1)*IF(TAT_Cal_Apply="Yes",TAT_CF_D,1)*(1/TAT_EtaPT_D))/M$22,NA()) -> 2.3575661 | N72: =IFERROR(1-L72/M72,NA()) -> 0.61686308 | O72: =TEXT(K72,"0.00")&IF(ABS(K72-TAT_Acc_EV)<0.001," *","") -> 0.20
K73: 0.25 | L73: =IFERROR((L$23+($K73/TAT_Acc_EV-1)*SUMIFS(Trips[Inertial energy (kWh)],Trips[Bus Type],"EV",Trips[Flag all],1)*IF(TAT_Cal_Apply="Yes",TAT_CF_EV,1)*(1/TAT_EtaPT_EV-TAT_Regen_EV*TAT_EtaPT_EV))/L$22,NA()) -> 0.93047311 | M73: =IFERROR((M$23+($K73/TAT_Acc_D-1)*SUMIFS(Trips[Inertial energy (kWh)],Trips[Bus Type],"Diesel",Trips[Flag all],1)*IF(TAT_Cal_Apply="Yes",TAT_CF_D,1)*(1/TAT_EtaPT_D))/M$22,NA()) -> 2.4726954 | N73: =IFERROR(1-L73/M73,NA()) -> 0.62370087 | O73: =TEXT(K73,"0.00")&IF(ABS(K73-TAT_Acc_EV)<0.001," *","") -> 0.25 *
K74: 0.3 | L74: =IFERROR((L$23+($K74/TAT_Acc_EV-1)*SUMIFS(Trips[Inertial energy (kWh)],Trips[Bus Type],"EV",Trips[Flag all],1)*IF(TAT_Cal_Apply="Yes",TAT_CF_EV,1)*(1/TAT_EtaPT_EV-TAT_Regen_EV*TAT_EtaPT_EV))/L$22,NA()) -> 0.95767563 | M74: =IFERROR((M$23+($K74/TAT_Acc_D-1)*SUMIFS(Trips[Inertial energy (kWh)],Trips[Bus Type],"Diesel",Trips[Flag all],1)*IF(TAT_Cal_Apply="Yes",TAT_CF_D,1)*(1/TAT_EtaPT_D))/M$22,NA()) -> 2.5878247 | N74: =IFERROR(1-L74/M74,NA()) -> 0.62993025 | O74: =TEXT(K74,"0.00")&IF(ABS(K74-TAT_Acc_EV)<0.001," *","") -> 0.30
K75: 0.35 | L75: =IFERROR((L$23+($K75/TAT_Acc_EV-1)*SUMIFS(Trips[Inertial energy (kWh)],Trips[Bus Type],"EV",Trips[Flag all],1)*IF(TAT_Cal_Apply="Yes",TAT_CF_EV,1)*(1/TAT_EtaPT_EV-TAT_Regen_EV*TAT_EtaPT_EV))/L$22,NA()) -> 0.98487815 | M75: =IFERROR((M$23+($K75/TAT_Acc_D-1)*SUMIFS(Trips[Inertial energy (kWh)],Trips[Bus Type],"Diesel",Trips[Flag all],1)*IF(TAT_Cal_Apply="Yes",TAT_CF_D,1)*(1/TAT_EtaPT_D))/M$22,NA()) -> 2.702954 | N75: =IFERROR(1-L75/M75,NA()) -> 0.63562897 | O75: =TEXT(K75,"0.00")&IF(ABS(K75-TAT_Acc_EV)<0.001," *","") -> 0.35
K76: 0.4 | L76: =IFERROR((L$23+($K76/TAT_Acc_EV-1)*SUMIFS(Trips[Inertial energy (kWh)],Trips[Bus Type],"EV",Trips[Flag all],1)*IF(TAT_Cal_Apply="Yes",TAT_CF_EV,1)*(1/TAT_EtaPT_EV-TAT_Regen_EV*TAT_EtaPT_EV))/L$22,NA()) -> 1.0120807 | M76: =IFERROR((M$23+($K76/TAT_Acc_D-1)*SUMIFS(Trips[Inertial energy (kWh)],Trips[Bus Type],"Diesel",Trips[Flag all],1)*IF(TAT_Cal_Apply="Yes",TAT_CF_D,1)*(1/TAT_EtaPT_D))/M$22,NA()) -> 2.8180833 | N76: =IFERROR(1-L76/M76,NA()) -> 0.64086205 | O76: =TEXT(K76,"0.00")&IF(ABS(K76-TAT_Acc_EV)<0.001," *","") -> 0.40
X78: EV trip | Y78: Charging | Z78: Rest of trip
X79: EV | Y79: =L60 -> 29.488095 | Z79: =MAX(0,IFERROR(L40*60,0)-L60) -> 324.58086
K83: Chennai ↔ Pondicherry | L83: =SUMIFS(Trips[Distance (km)],Trips[Bus Type],"EV",Trips[Flag period],1,Trips[Corridor],K83) -> 4588.5674 | M83: =SUMIFS(Trips[Energy consumed (kWh)],Trips[Bus Type],"EV",Trips[Flag period],1,Trips[Corridor],K83) -> 4328.0836 | N83: =SUMIFS(Trips[Distance (km)],Trips[Bus Type],"Diesel",Trips[Flag period],1,Trips[Corridor],K83) -> 4588.9258 | O83: =SUMIFS(Trips[Energy consumed (kWh)],Trips[Bus Type],"Diesel",Trips[Flag period],1,Trips[Corridor],K83) -> 10809.949 | P83: =IFERROR(M83/L83,NA()) -> 0.94323201 | Q83: =IFERROR(O83/N83,NA()) -> 2.3556601 | R83: =IFERROR(1-P83/Q83,NA()) -> 0.59958909
K84: Maduravoyal ↔ Madiwala | L84: =SUMIFS(Trips[Distance (km)],Trips[Bus Type],"EV",Trips[Flag period],1,Trips[Corridor],K84) -> 4870.1993 | M84: =SUMIFS(Trips[Energy consumed (kWh)],Trips[Bus Type],"EV",Trips[Flag period],1,Trips[Corridor],K84) -> 4765.9057 | N84: =SUMIFS(Trips[Distance (km)],Trips[Bus Type],"Diesel",Trips[Flag period],1,Trips[Corridor],K84) -> 4870.0638 | O84: =SUMIFS(Trips[Energy consumed (kWh)],Trips[Bus Type],"Diesel",Trips[Flag period],1,Trips[Corridor],K84) -> 11893.667 | P84: =IFERROR(M84/L84,NA()) -> 0.97858534 | Q84: =IFERROR(O84/N84,NA()) -> 2.4421995 | R84: =IFERROR(1-P84/Q84,NA()) -> 0.59930164
K85: Maduravoyal ↔ Silk Board | L85: =SUMIFS(Trips[Distance (km)],Trips[Bus Type],"EV",Trips[Flag period],1,Trips[Corridor],K85) -> 2151.3212 | M85: =SUMIFS(Trips[Energy consumed (kWh)],Trips[Bus Type],"EV",Trips[Flag period],1,Trips[Corridor],K85) -> 2001.7465 | N85: =SUMIFS(Trips[Distance (km)],Trips[Bus Type],"Diesel",Trips[Flag period],1,Trips[Corridor],K85) -> 2164.4612 | O85: =SUMIFS(Trips[Energy consumed (kWh)],Trips[Bus Type],"Diesel",Trips[Flag period],1,Trips[Corridor],K85) -> 5352.0533 | P85: =IFERROR(M85/L85,NA()) -> 0.93047311 | Q85: =IFERROR(O85/N85,NA()) -> 2.4726954 | R85: =IFERROR(1-P85/Q85,NA()) -> 0.62370087
K102: 46204 | L102: =SUMIFS(Trips[Distance (km)],Trips[Bus Type],"EV",Trips[Flag route],1,Trips[Month],K102) -> 1575.7362 | M102: =SUMIFS(Trips[Energy consumed (kWh)],Trips[Bus Type],"EV",Trips[Flag route],1,Trips[Month],K102) -> 1472.9528 | N102: =SUMIFS(Trips[Energy cost (INR)],Trips[Bus Type],"EV",Trips[Flag route],1,Trips[Month],K102) -> 15209.839 | O102: =SUMIFS(Trips[CO2 (kg)],Trips[Bus Type],"EV",Trips[Flag route],1,Trips[Month],K102) -> 1136.7353 | P102: =SUMIFS(Trips[Distance (km)],Trips[Bus Type],"Diesel",Trips[Flag route],1,Trips[Month],K102) -> 1288.4077 | Q102: =SUMIFS(Trips[Energy consumed (kWh)],Trips[Bus Type],"Diesel",Trips[Flag route],1,Trips[Month],K102) -> 3249.9959 | R102: =SUMIFS(Trips[Energy cost (INR)],Trips[Bus Type],"Diesel",Trips[Flag route],1,Trips[Month],K102) -> 29983.249 | S102: =SUMIFS(Trips[CO2 (kg)],Trips[Bus Type],"Diesel",Trips[Flag route],1,Trips[Month],K102) -> 873.42508 | T102: =IFERROR(CHOOSE($L$3,M102/L102,L102/M102,N102/L102,O102/L102),NA()) -> 0.93477116 | U102: =IFERROR(CHOOSE($L$3,Q102/P102,P102/Q102,R102/P102,S102/P102),NA()) -> 2.5224902
K103: 46266 | L103: =SUMIFS(Trips[Distance (km)],Trips[Bus Type],"EV",Trips[Flag route],1,Trips[Month],K103) -> 575.58496 | M103: =SUMIFS(Trips[Energy consumed (kWh)],Trips[Bus Type],"EV",Trips[Flag route],1,Trips[Month],K103) -> 528.79373 | N103: =SUMIFS(Trips[Energy cost (INR)],Trips[Bus Type],"EV",Trips[Flag route],1,Trips[Month],K103) -> 5460.3701 | O103: =SUMIFS(Trips[CO2 (kg)],Trips[Bus Type],"EV",Trips[Flag route],1,Trips[Month],K103) -> 408.09082 | P103: =SUMIFS(Trips[Distance (km)],Trips[Bus Type],"Diesel",Trips[Flag route],1,Trips[Month],K103) -> 876.05351 | Q103: =SUMIFS(Trips[Energy consumed (kWh)],Trips[Bus Type],"Diesel",Trips[Flag route],1,Trips[Month],K103) -> 2102.0574 | R103: =SUMIFS(Trips[Energy cost (INR)],Trips[Bus Type],"Diesel",Trips[Flag route],1,Trips[Month],K103) -> 19392.797 | S103: =SUMIFS(Trips[CO2 (kg)],Trips[Bus Type],"Diesel",Trips[Flag route],1,Trips[Month],K103) -> 564.92061 | T103: =IFERROR(CHOOSE($L$3,M103/L103,L103/M103,N103/L103,O103/L103),NA()) -> 0.91870666 | U103: =IFERROR(CHOOSE($L$3,Q103/P103,P103/Q103,R103/P103,S103/P103),NA()) -> 2.3994624
K104: 46296 | L104: =SUMIFS(Trips[Distance (km)],Trips[Bus Type],"EV",Trips[Flag route],1,Trips[Month],K104) -> 0 | M104: =SUMIFS(Trips[Energy consumed (kWh)],Trips[Bus Type],"EV",Trips[Flag route],1,Trips[Month],K104) -> 0 | N104: =SUMIFS(Trips[Energy cost (INR)],Trips[Bus Type],"EV",Trips[Flag route],1,Trips[Month],K104) -> 0 | O104: =SUMIFS(Trips[CO2 (kg)],Trips[Bus Type],"EV",Trips[Flag route],1,Trips[Month],K104) -> 0 | P104: =SUMIFS(Trips[Distance (km)],Trips[Bus Type],"Diesel",Trips[Flag route],1,Trips[Month],K104) -> 0 | Q104: =SUMIFS(Trips[Energy consumed (kWh)],Trips[Bus Type],"Diesel",Trips[Flag route],1,Trips[Month],K104) -> 0 | R104: =SUMIFS(Trips[Energy cost (INR)],Trips[Bus Type],"Diesel",Trips[Flag route],1,Trips[Month],K104) -> 0 | S104: =SUMIFS(Trips[CO2 (kg)],Trips[Bus Type],"Diesel",Trips[Flag route],1,Trips[Month],K104) -> 0 | T104: =IFERROR(CHOOSE($L$3,M104/L104,L104/M104,N104/L104,O104/L104),NA()) -> #N/A | U104: =IFERROR(CHOOSE($L$3,Q104/P104,P104/Q104,R104/P104,S104/P104),NA()) -> #N/A

Sheet Model
A1: Energy model and route assumptions | H1: Yes
H2: No
A3: Blue cells are editable. Defaults reproduce the reference's passenger/coach assumptions.
A5: Parameter | C5: Unit | D5: EV | E5: Diesel
A6: Kerb mass | C6: kg | D6: 13780 | E6: 11780
A7: Default passengers | C7: persons | D7: 40 | E7: =D7 -> 40
A8: Passenger mass including luggage | C8: kg/person | D8: 68 | E8: =D8 -> 68
A9: Default operating mass | C9: kg | D9: =D6+D7*D8 -> 16500 | E9: =E6+D7*D8 -> 14500
A10: Rolling resistance coefficient | C10: - | D10: 0.007 | E10: 0.007
A11: Drag coefficient | C11: - | D11: 0.65 | E11: 0.65
A12: Frontal area | C12: m² | D12: 8.2 | E12: 8.2
A13: Air density | C13: kg/m³ | D13: 1.18 | E13: =D13 -> 1.18
A14: Gravitational acceleration | C14: m/s² | D14: 9.81 | E14: =D14 -> 9.81
A15: Aerodynamic constant | C15: N/(m/s)² | D15: =0.5*D13*D11*D12 -> 3.1447 | E15: =0.5*E13*E11*E12 -> 3.1447
A16: Default mean acceleration | C16: m/s² | D16: 0.25 | E16: 0.25
A17: Motor/inverter or engine efficiency | C17: - | D17: 0.9 | E17: 0.35
A18: Driveline efficiency | C18: - | D18: 0.95 | E18: 0.92
A19: Battery discharge efficiency | C19: - | D19: 0.97
A20: Combined powertrain efficiency | C20: - | D20: =D17*D18*D19 -> 0.82935 | E20: =E17*E18 -> 0.322
A21: Regenerative recovery fraction | C21: - | D21: 0.6 | E21: 0
A22: Descent share offsetting road load | C22: - | D22: 0.5 | E22: =D22 -> 0.5
A23: Base auxiliary power | C23: kW | D23: 3 | E23: 3
A24: HVAC load above setpoint | C24: kW/°C | D24: 0.85 | E24: =D24 -> 0.85
A25: HVAC setpoint | C25: °C | D25: 24 | E25: =D25 -> 24
A26: Default ambient temperature | C26: °C | D26: 30 | E26: =D26 -> 30
A27: Auxiliary power at default temperature | C27: kW | D27: =D23+D24*MAX(0,D26-D25) -> 8.1 | E27: =E23+E24*MAX(0,E26-E25) -> 8.1
A28: Diesel idle fuel rate | C28: L/h | E28: 2.5
A29: Diesel lower heating value | C29: MJ/L | E29: 35.9
A30: Diesel lower heating value | C30: kWh/L | E30: =E29/3.6 -> 9.9722222
A31: Charger efficiency | C31: - | D31: 0.92
A32: Electricity tariff | C32: INR/kWh | D32: 9.5
A33: Diesel price | C33: INR/L | E33: 92
A34: Grid emission factor | C34: kg/kWh | D34: 0.71
A35: Diesel emission factor | C35: kg/L | E35: 2.68
A38: Apply global vehicle-type calibration? | D38: Yes
A39: Trips with positive measured consumption | D39: =COUNTIFS(Trips[Bus Type],"EV",Trips[Measured energy (kWh eq)],">0") -> 0 | E39: =COUNTIFS(Trips[Bus Type],"Diesel",Trips[Measured energy (kWh eq)],">0") -> 0
A40: Measured energy sum (kWh equivalent) | D40: =SUMIFS(Trips[Measured energy (kWh eq)],Trips[Bus Type],"EV",Trips[Measured energy (kWh eq)],">0") -> 0 | E40: =SUMIFS(Trips[Measured energy (kWh eq)],Trips[Bus Type],"Diesel",Trips[Measured energy (kWh eq)],">0") -> 0
A41: Modelled energy for the same records | D41: =SUMIFS(Trips[Modelled energy (kWh)],Trips[Bus Type],"EV",Trips[Measured energy (kWh eq)],">0") -> 0 | E41: =SUMIFS(Trips[Modelled energy (kWh)],Trips[Bus Type],"Diesel",Trips[Measured energy (kWh eq)],">0") -> 0
A42: Calibration factor | D42: =IF(D40>0,D40/D41,1) -> 1 | E42: =IF(E40>0,E40/E41,1) -> 1
A46: Methodology
A47: Distances are kilometres; phase times are minutes.
A48: Operating time excludes charging/refuelling. Moving phases are Inching, Acceleration, Deceleration and Cruise.
A49: Mass = kerb mass + passengers × passenger mass.
A50: Auxiliary power = base power + HVAC slope × MAX(0, ambient-setpoint).
A51: Road load uses rolling resistance and phase-average aerodynamic drag.
A52: Inertial energy = mass × acceleration × ACC distance / 3600.
A53: Grade energy = mass × gravity × endpoint elevation difference / 3600000.
A54: Downhill energy is divided between road-load offset and braking.
A55: EV auxiliaries use operating hours. Diesel auxiliaries use moving hours / engine efficiency. Stop + Idle uses idle fuel.
A56: EV energy = propulsion + auxiliaries - regeneration. Diesel energy = propulsion + auxiliaries + idle fuel energy.
A57: Measured EV kWh must be battery-side. Convert grid/charger measurements to the same boundary before entering them.
... A65: Rerun after summary updates to refresh selector lists and chart ranges.
A80: Corridor | B80: Direction | C80: Origin | D80: Destination | E80: Origin elevation (m) | F80: Destination elevation (m) | G80: Net elevation (m)
A81: Chennai ↔ Pondicherry | B81: Chennai → Pondicherry | C81: Chennai | D81: Pondicherry | E81: 10 | F81: 5 | G81: =F81-E81 -> -5
A82: Chennai ↔ Pondicherry | B82: Pondicherry → Chennai | C82: Pondicherry | D82: Chennai | E82: 5 | F82: 10 | G82: =F82-E82 -> 5
A83: Maduravoyal ↔ Silk Board | B83: Maduravoyal → Silk Board | C83: Maduravoyal | D83: Silk Board | E83: 20 | F83: 905 | G83: =F83-E83 -> 885
A84: Maduravoyal ↔ Silk Board | B84: Silk Board → Maduravoyal | C84: Silk Board | D84: Maduravoyal | E84: 905 | F84: 20 | G84: =F84-E84 -> -885
A85: Maduravoyal ↔ Madiwala | B85: Maduravoyal → Madiwala | C85: Maduravoyal | D85: Madiwala | E85: 20 | F85: 900 | G85: =F85-E85 -> 880
A86: Maduravoyal ↔ Madiwala | B86: Madiwala → Maduravoyal | C86: Madiwala | D86: Maduravoyal | E86: 900 | F86: 20 | G86: =F86-E86 -> -880

Sheet Trip_Input
A1: Trip inputs and energy calculations
A3: A:U come from 01_All_Pairs. V:Z are optional inputs. AA:BX are formulas. ICE is displayed as Diesel.
A4: Trip ID | B4: Pair ID | C4: Date | D4: Bus Type | E4: Corridor | F4: Direction | G4: Start Time | H4: t Charging (min) | I4: t Stop (min) | J4: t Idle (min) | K4: t Inching (min) | L4: t Acc (min) | M4: t Dec (min) | N4: t Cruise (min) | O4: d Charging (km) | P4: d Stop (km) | Q4: d Idle (km) | R4: d Inching (km) | S4: d Acc (km) | T4: d Dec (km) | U4: d Cruise (km) | V4: Passengers | W4: Ambient temp (C) | X4: Accel measured (m/s2) | Y4: Measured EV energy (kWh) | Z4: Measured diesel (L) | AA4: Data check | AB4: Month | AC4: Unique trip | AD4: Flag route | AE4: Flag period | AF4: Flag all | AG4: Net elevation (m) | AH4: Mass (kg) | AI4: Accel used (m/s2) | AJ4: Aux power (kW) | AK4: Distance (km) | AL4: Trip time incl charging (h) | AM4: Operating time (h) | AN4: Stationary time (h) | AO4: Moving time (h) | AP4: Moving speed (km/h) | AQ4: v Inching (km/h) | AR4: v Acc (km/h) | AS4: v Dec (km/h) | AT4: v Cruise (km/h) | AU4: Road-load traction (kWh) | AV4: Road-load Dec (kWh) | AW4: Inertial energy (kWh) | AX4: Grade energy (kWh) | AY4: Road-load net (kWh) | AZ4: Gradient wheel (kWh) | BA4: Braking energy (kWh) | BB4: Wheel energy (kWh) | BC4: Propulsion energy (kWh) | BD4: Auxiliary energy (kWh) | BE4: Idle fuel energy (kWh) | BF4: Regen recovered (kWh) | BG4: Modelled energy (kWh) | BH4: Measured energy (kWh eq) | BI4: Calibration factor | BJ4: Energy consumed (kWh) | BK4: Energy consumed (MJ) | BL4: Diesel consumed (L) | BM4: EV grid energy (kWh) | BN4: SEC (kWh/km) | BO4: Efficiency (km/kWh) | BP4: Fuel economy (km/L) | BQ4: Powertrain efficiency (%) | BR4: Energy cost (INR) | BS4: CO2 (kg) | BT4: Cost per km (INR/km) | BU4: CO2 per km (kg/km) | BV4: Model error vs measured | BW4: Chart SEC EV | BX4: Chart SEC Diesel
A5: PAIR_001_EV | B5: PAIR_001 | C5: 46208 | D5: EV | E5: Maduravoyal ↔ Silk Board | F5: Silk Board → Maduravoyal | G5: 0.35842593 | H5: 30 | I5: 23.65 | J5: 25.7 | K5: 7.6 | L5: 61.423733 | M5: 45.183333 | N5: 150.28333 | O5: 0.31331323 | P5: 0.041652319 | Q5: 0.15596841 | R5: 0.4492738 | S5: 60.308697 | T5: 44.619089 | U5: 199.27859 | AA5: =IF(AND(D5<>"EV",D5<>"Diesel"),"Invalid vehicle",IF(COUNTIFS(Routes[Corridor],E5,Routes[Direction],F5)=0,"Unknown route",IF(C5="","Missing date",IF(SUM(O5:U5)<=0,"No distance","OK")))) -> OK | AB5: =IF(C5="","",DATE(YEAR(C5),MONTH(C5),1)) -> 46204 | AC5: =--(COUNTIFS($C$5:C5,C5,$D$5:D5,D5,$G$5:G5,G5,$F$5:F5,F5)=1) -> 1 | AD5: =--AND(AA5="OK",OR(TAT_Sel_Basis="All pair instances",AC5=1),OR(TAT_Sel_Corridor="All",E5=TAT_Sel_Corridor),OR(TAT_Sel_DirEff="All",F5=TAT_Sel_DirEff)) -> 1 | AE5: =--AND(AA5="OK",OR(TAT_Sel_Basis="All pair instances",AC5=1),OR(TAT_Sel_Month="All",TEXT(AB5,"mmm yyyy")=TAT_Sel_Month)) -> 1 | AF5: =AD5*AE5 -> 1 | AG5: =SUMIFS(Routes[Net elevation (m)],Routes[Corridor],E5,Routes[Direction],F5) -> -885 | AH5: =IF(D5="EV",TAT_Kerb_EV,TAT_Kerb_D)+IF(V5="",TAT_Pax_Default,V5)*TAT_Pax_Mass -> 16500 | AI5: =IF(X5="",IF(D5="EV",TAT_Acc_EV,TAT_Acc_D),X5) -> 0.25 | AJ5: =IF(D5="EV",TAT_AuxBase_EV,TAT_AuxBase_D)+TAT_HVAC_k*MAX(0,IF(W5="",TAT_Temp_Default,W5)-TAT_HVAC_Tset) -> 8.1 | AK5: =SUM(O5:U5) -> 305.16659 | AL5: =SUM(H5:N5)/60 -> 5.7306733 | AM5: =SUM(I5:N5)/60 -> 5.2306733 | AN5: =SUM(I5:J5)/60 -> 0.8225 | AO5: =SUM(K5:N5)/60 -> 4.4081733 | AP5: =IFERROR(SUM(R5:U5)/AO5,0) -> 69.111541 | AQ5: =IFERROR(R5/(K5/60),0) -> 3.5468984 | AR5: =IFERROR(S5/(L5/60),0) -> 58.910808 | AS5: =IFERROR(T5/(M5/60),0) -> 59.250727 | AT5: =IFERROR(U5/(N5/60),0) -> 79.561155 | AU5: =(IF(D5="EV",TAT_Crr_EV,TAT_Crr_D)*AH5*TAT_G_acc*(AK5-T5)+IF(D5="EV",TAT_Kaero_EV,TAT_Kaero_D)*((AQ5/3.6)^2*R5+(AR5/3.6)^2*S5+(AT5/3.6)^2*U5))/3600 -> 181.1343 | AV5: =(IF(D5="EV",TAT_Crr_EV,TAT_Crr_D)*AH5*TAT_G_acc+IF(D5="EV",TAT_Kaero_EV,TAT_Kaero_D)*(AS5/3.6)^2)*T5/3600 -> 24.601255 | AW5: =AH5*AI5*S5/3600 -> 69.103715 | AX5: =AH5*TAT_G_acc*AG5/3600000 -> -39.791812 | AY5: =AU5+MAX(0,AV5-AW5) -> 181.1343 | AZ5: =MAX(0,AX5)-TAT_Descent_Share*MAX(0,-AX5) -> -19.895906 | BA5: =MAX(0,AW5-AV5)+(1-TAT_Descent_Share)*MAX(0,-AX5) -> 64.398366 | BB5: =MAX(0,AY5+AW5+AZ5) -> 230.34211 | BC5: =BB5/IF(D5="EV",TAT_EtaPT_EV,TAT_EtaPT_D) -> 277.73812 | BD5: =IF(D5="EV",AJ5*AM5,AJ5*AO5/TAT_EtaEng_D) -> 42.368454 | BE5: =IF(D5="EV",0,TAT_IdleFuel_D*AN5*TAT_LHV_kWhL) -> 0 | BF5: =IF(D5="EV",TAT_Regen_EV*TAT_EtaPT_EV*BA5,0) -> 32.045271 | BG5: =BC5+BD5+BE5-BF5 -> 288.06131 | BH5: =IF(D5="EV",IF(Y5="","",Y5),IF(Z5="","",Z5*TAT_LHV_kWhL)) | BI5: =IF(TAT_Cal_Apply="Yes",IF(D5="EV",TAT_CF_EV,TAT_CF_D),1) -> 1 | BJ5: =BG5*BI5 -> 288.06131 | BK5: =BJ5*3.6 -> 1037.0207 | BL5: =IF(D5="EV","",BJ5/TAT_LHV_kWhL) | BM5: =IF(D5="EV",BJ5/TAT_EtaCharger,"") -> 313.11012 | BN5: =IFERROR(BJ5/AK5,"") -> 0.94394773 | BO5: =IFERROR(AK5/BJ5,"") -> 1.0593807 | BP5: =IF(D5="EV","",IFERROR(AK5/BL5,"")) | BQ5: =IFERROR(BB5/BJ5,"") -> 0.79962879 | BR5: =IF(D5="EV",BM5*TAT_Tariff_EV,BL5*TAT_Price_Diesel) -> 2974.5461 | BS5: =IF(D5="EV",BM5*TAT_EF_Grid,BL5*TAT_EF_Diesel) -> 222.30818 | BT5: =IFERROR(BR5/AK5,"") -> 9.7472863 | BU5: =IFERROR(BS5/AK5,"") -> 0.7284814 | BV5: =IF(AND(ISNUMBER(BH5),BH5>0),BG5/BH5-1,"") | BW5: =IF(AND(AF5=1,D5="EV"),BN5,NA()) -> 0.94394773 | BX5: =IF(AND(AF5=1,D5="Diesel"),BN5,NA()) -> #N/A
A6: PAIR_001_ICE | B6: PAIR_001 | C6: 46232 | D6: Diesel | E6: Maduravoyal ↔ Silk Board | F6: Silk Board → Maduravoyal | G6: 0.95709491 | H6: 0 | I6: 18.1 | J6: 0.066666667 | K6: 1.75 | L6: 57.69085 | M6: 41.383333 | N6: 192.51667 | O6: 0 | P6: 0.2136487 | Q6: 0 | R6: 0.30731282 | S6: 55.580882 | T6: 38.886325 | U6: 215.48607 | AA6: =IF(AND(D6<>"EV",D6<>"Diesel"),"Invalid vehicle",IF(COUNTIFS(Routes[Corridor],E6,Routes[Direction],F6)=0,"Unknown route",IF(C6="","Missing date",IF(SUM(O6:U6)<=0,"No distance","OK")))) -> OK | AB6: =IF(C6="","",DATE(YEAR(C6),MONTH(C6),1)) -> 46204 | AC6: =--(COUNTIFS($C$5:C6,C6,$D$5:D6,D6,$G$5:G6,G6,$F$5:F6,F6)=1) -> 1 | AD6: =--AND(AA6="OK",OR(TAT_Sel_Basis="All pair instances",AC6=1),OR(TAT_Sel_Corridor="All",E6=TAT_Sel_Corridor),OR(TAT_Sel_DirEff="All",F6=TAT_Sel_DirEff)) -> 1 | AE6: =--AND(AA6="OK",OR(TAT_Sel_Basis="All pair instances",AC6=1),OR(TAT_Sel_Month="All",TEXT(AB6,"mmm yyyy")=TAT_Sel_Month)) -> 1 | AF6: =AD6*AE6 -> 1 | AG6: =SUMIFS(Routes[Net elevation (m)],Routes[Corridor],E6,Routes[Direction],F6) -> -885 | AH6: =IF(D6="EV",TAT_Kerb_EV,TAT_Kerb_D)+IF(V6="",TAT_Pax_Default,V6)*TAT_Pax_Mass -> 14500 | AI6: =IF(X6="",IF(D6="EV",TAT_Acc_EV,TAT_Acc_D),X6) -> 0.25 | AJ6: =IF(D6="EV",TAT_AuxBase_EV,TAT_AuxBase_D)+TAT_HVAC_k*MAX(0,IF(W6="",TAT_Temp_Default,W6)-TAT_HVAC_Tset) -> 8.1 | AK6: =SUM(O6:U6) -> 310.47424 | AL6: =SUM(H6:N6)/60 -> 5.1917919 | AM6: =SUM(I6:N6)/60 -> 5.1917919 | AN6: =SUM(I6:J6)/60 -> 0.30277778 | AO6: =SUM(K6:N6)/60 -> 4.8890142 | AP6: =IFERROR(SUM(R6:U6)/AO6,0) -> 63.460768 | AQ6: =IFERROR(R6/(K6/60),0) -> 10.53644 | AR6: =IFERROR(S6/(L6/60),0) -> 57.805578 | AS6: =IFERROR(T6/(M6/60),0) -> 56.37969 | AT6: =IFERROR(U6/(N6/60),0) -> 67.158676 | AU6: =(IF(D6="EV",TAT_Crr_EV,TAT_Crr_D)*AH6*TAT_G_acc*(AK6-T6)+IF(D6="EV",TAT_Kaero_EV,TAT_Kaero_D)*((AQ6/3.6)^2*R6+(AR6/3.6)^2*S6+(AT6/3.6)^2*U6))/3600 -> 153.1463 | AV6: =(IF(D6="EV",TAT_Crr_EV,TAT_Crr_D)*AH6*TAT_G_acc+IF(D6="EV",TAT_Kaero_EV,TAT_Kaero_D)*(AS6/3.6)^2)*T6/3600 -> 19.086795 | AW6: =AH6*AI6*S6/3600 -> 55.96686 | AX6: =AH6*TAT_G_acc*AG6/3600000 -> -34.968562 | AY6: =AU6+MAX(0,AV6-AW6) -> 153.1463 | AZ6: =MAX(0,AX6)-TAT_Descent_Share*MAX(0,-AX6) -> -17.484281 | BA6: =MAX(0,AW6-AV6)+(1-TAT_Descent_Share)*MAX(0,-AX6) -> 54.364346 | BB6: =MAX(0,AY6+AW6+AZ6) -> 191.62888 | BC6: =BB6/IF(D6="EV",TAT_EtaPT_EV,TAT_EtaPT_D) -> 595.12073 | BD6: =IF(D6="EV",AJ6*AM6,AJ6*AO6/TAT_EtaEng_D) -> 113.14576 | BE6: =IF(D6="EV",0,TAT_IdleFuel_D*AN6*TAT_LHV_kWhL) -> 7.5484182 | BF6: =IF(D6="EV",TAT_Regen_EV*TAT_EtaPT_EV*BA6,0) -> 0 | BG6: =BC6+BD6+BE6-BF6 -> 715.81491 | BH6: =IF(D6="EV",IF(Y6="","",Y6),IF(Z6="","",Z6*TAT_LHV_kWhL)) | BI6: =IF(TAT_Cal_Apply="Yes",IF(D6="EV",TAT_CF_EV,TAT_CF_D),1) -> 1 | BJ6: =BG6*BI6 -> 715.81491 | BK6: =BJ6*3.6 -> 2576.9337 | BL6: =IF(D6="EV","",BJ6/TAT_LHV_kWhL) -> 71.780882 | BM6: =IF(D6="EV",BJ6/TAT_EtaCharger,"") | BN6: =IFERROR(BJ6/AK6,"") -> 2.3055533 | BO6: =IFERROR(AK6/BJ6,"") -> 0.43373537 | BP6: =IF(D6="EV","",IFERROR(AK6/BL6,"")) -> 4.3253055 | BQ6: =IFERROR(BB6/BJ6,"") -> 0.2677073 | BR6: =IF(D6="EV",BM6*TAT_Tariff_EV,BL6*TAT_Price_Diesel) -> 6603.8411 | BS6: =IF(D6="EV",BM6*TAT_EF_Grid,BL6*TAT_EF_Diesel) -> 192.37276 | BT6: =IFERROR(BR6/AK6,"") -> 21.270174 | BU6: =IFERROR(BS6/AK6,"") -> 0.61960942 | BV6: =IF(AND(ISNUMBER(BH6),BH6>0),BG6/BH6-1,"") | BW6: =IF(AND(AF6=1,D6="EV"),BN6,NA()) -> #N/A | BX6: =IF(AND(AF6=1,D6="Diesel"),BN6,NA()) -> 2.3055533
A7: PAIR_002_EV | B7: PAIR_002 | C7: 46208 | D7: EV | E7: Maduravoyal ↔ Silk Board | F7: Silk Board → Maduravoyal | G7: 0.35842593 | H7: 30 | I7: 23.65 | J7: 25.7 | K7: 7.6 | L7: 61.423733 | M7: 45.183333 | N7: 150.28333 | O7: 0.31331323 | P7: 0.041652319 | Q7: 0.15596841 | R7: 0.4492738 | S7: 60.301496 | T7: 44.619089 | U7: 199.22648 | AA7: =IF(AND(D7<>"EV",D7<>"Diesel"),"Invalid vehicle",IF(COUNTIFS(Routes[Corridor],E7,Routes[Direction],F7)=0,"Unknown route",IF(C7="","Missing date",IF(SUM(O7:U7)<=0,"No distance","OK")))) -> OK | AB7: =IF(C7="","",DATE(YEAR(C7),MONTH(C7),1)) -> 46204 | AC7: =--(COUNTIFS($C$5:C7,C7,$D$5:D7,D7,$G$5:G7,G7,$F$5:F7,F7)=1) -> 0 | AD7: =--AND(AA7="OK",OR(TAT_Sel_Basis="All pair instances",AC7=1),OR(TAT_Sel_Corridor="All",E7=TAT_Sel_Corridor),OR(TAT_Sel_DirEff="All",F7=TAT_Sel_DirEff)) -> 1 | AE7: =--AND(AA7="OK",OR(TAT_Sel_Basis="All pair instances",AC7=1),OR(TAT_Sel_Month="All",TEXT(AB7,"mmm yyyy")=TAT_Sel_Month)) -> 1 | AF7: =AD7*AE7 -> 1 | AG7: =SUMIFS(Routes[Net elevation (m)],Routes[Corridor],E7,Routes[Direction],F7) -> -885 | AH7: =IF(D7="EV",TAT_Kerb_EV,TAT_Kerb_D)+IF(V7="",TAT_Pax_Default,V7)*TAT_Pax_Mass -> 16500 | AI7: =IF(X7="",IF(D7="EV",TAT_Acc_EV,TAT_Acc_D),X7) -> 0.25 | AJ7: =IF(D7="EV",TAT_AuxBase_EV,TAT_AuxBase_D)+TAT_HVAC_k*MAX(0,IF(W7="",TAT_Temp_Default,W7)-TAT_HVAC_Tset) -> 8.1 | AK7: =SUM(O7:U7) -> 305.10728 | AL7: =SUM(H7:N7)/60 -> 5.7306733 | AM7: =SUM(I7:N7)/60 -> 5.2306733 | AN7: =SUM(I7:J7)/60 -> 0.8225 | AO7: =SUM(K7:N7)/60 -> 4.4081733 | AP7: =IFERROR(SUM(R7:U7)/AO7,0) -> 69.098087 | AQ7: =IFERROR(R7/(K7/60),0) -> 3.5468984 | AR7: =IFERROR(S7/(L7/60),0) -> 58.903775 | AS7: =IFERROR(T7/(M7/60),0) -> 59.250727 | AT7: =IFERROR(U7/(N7/60),0) -> 79.540351 | AU7: =(IF(D7="EV",TAT_Crr_EV,TAT_Crr_D)*AH7*TAT_G_acc*(AK7-T7)+IF(D7="EV",TAT_Kaero_EV,TAT_Kaero_D)*((AQ7/3.6)^2*R7+(AR7/3.6)^2*S7+(AT7/3.6)^2*U7))/3600 -> 181.0439 | AV7: =(IF(D7="EV",TAT_Crr_EV,TAT_Crr_D)*AH7*TAT_G_acc+IF(D7="EV",TAT_Kaero_EV,TAT_Kaero_D)*(AS7/3.6)^2)*T7/3600 -> 24.601255 | AW7: =AH7*AI7*S7/3600 -> 69.095465 | AX7: =AH7*TAT_G_acc*AG7/3600000 -> -39.791812 | AY7: =AU7+MAX(0,AV7-AW7) -> 181.0439 | AZ7: =MAX(0,AX7)-TAT_Descent_Share*MAX(0,-AX7) -> -19.895906 | BA7: =MAX(0,AW7-AV7)+(1-TAT_Descent_Share)*MAX(0,-AX7) -> 64.390116 | BB7: =MAX(0,AY7+AW7+AZ7) -> 230.24346 | BC7: =BB7/IF(D7="EV",TAT_EtaPT_EV,TAT_EtaPT_D) -> 277.61918 | BD7: =IF(D7="EV",AJ7*AM7,AJ7*AO7/TAT_EtaEng_D) -> 42.368454 | BE7: =IF(D7="EV",0,TAT_IdleFuel_D*AN7*TAT_LHV_kWhL) -> 0 | BF7: =IF(D7="EV",TAT_Regen_EV*TAT_EtaPT_EV*BA7,0) -> 32.041165 | BG7: =BC7+BD7+BE7-BF7 -> 287.94646 | BH7: =IF(D7="EV",IF(Y7="","",Y7),IF(Z7="","",Z7*TAT_LHV_kWhL)) | BI7: =IF(TAT_Cal_Apply="Yes",IF(D7="EV",TAT_CF_EV,TAT_CF_D),1) -> 1 | BJ7: =BG7*BI7 -> 287.94646 | BK7: =BJ7*3.6 -> 1036.6073 | BL7: =IF(D7="EV","",BJ7/TAT_LHV_kWhL) | BM7: =IF(D7="EV",BJ7/TAT_EtaCharger,"") -> 312.98529 | BN7: =IFERROR(BJ7/AK7,"") -> 0.94375482 | BO7: =IFERROR(AK7/BJ7,"") -> 1.0595972 | BP7: =IF(D7="EV","",IFERROR(AK7/BL7,"")) | BQ7: =IFERROR(BB7/BJ7,"") -> 0.79960511 | BR7: =IF(D7="EV",BM7*TAT_Tariff_EV,BL7*TAT_Price_Diesel) -> 2973.3602 | BS7: =IF(D7="EV",BM7*TAT_EF_Grid,BL7*TAT_EF_Diesel) -> 222.21955 | BT7: =IFERROR(BR7/AK7,"") -> 9.7452943 | BU7: =IFERROR(BS7/AK7,"") -> 0.72833252 | BV7: =IF(AND(ISNUMBER(BH7),BH7>0),BG7/BH7-1,"") | BW7: =IF(AND(AF7=1,D7="EV"),BN7,NA()) -> 0.94375482 | BX7: =IF(AND(AF7=1,D7="Diesel"),BN7,NA()) -> #N/A
A8: PAIR_002_ICE | B8: PAIR_002 | C8: 46270 | D8: Diesel | E8: Maduravoyal ↔ Silk Board | F8: Silk Board → Maduravoyal | G8: 0.96938657 | H8: 0 | I8: 16.433333 | J8: 6.9833333 | K8: 5 | L8: 60.018217 | M8: 42.633333 | N8: 167.95 | O8: 0 | P8: 0.083882197 | Q8: 0.03091496 | R8: 0.23093108 | S8: 57.928894 | T8: 43.162925 | U8: 203.77853 | AA8: =IF(AND(D8<>"EV",D8<>"Diesel"),"Invalid vehicle",IF(COUNTIFS(Routes[Corridor],E8,Routes[Direction],F8)=0,"Unknown route",IF(C8="","Missing date",IF(SUM(O8:U8)<=0,"No distance","OK")))) -> OK | AB8: =IF(C8="","",DATE(YEAR(C8),MONTH(C8),1)) -> 46266 | AC8: =--(COUNTIFS($C$5:C8,C8,$D$5:D8,D8,$G$5:G8,G8,$F$5:F8,F8)=1) -> 1 | AD8: =--AND(AA8="OK",OR(TAT_Sel_Basis="All pair instances",AC8=1),OR(TAT_Sel_Corridor="All",E8=TAT_Sel_Corridor),OR(TAT_Sel_DirEff="All",F8=TAT_Sel_DirEff)) -> 1 | AE8: =--AND(AA8="OK",OR(TAT_Sel_Basis="All pair instances",AC8=1),OR(TAT_Sel_Month="All",TEXT(AB8,"mmm yyyy")=TAT_Sel_Month)) -> 1 | AF8: =AD8*AE8 -> 1 | AG8: =SUMIFS(Routes[Net elevation (m)],Routes[Corridor],E8,Routes[Direction],F8) -> -885 | AH8: =IF(D8="EV",TAT_Kerb_EV,TAT_Kerb_D)+IF(V8="",TAT_Pax_Default,V8)*TAT_Pax_Mass -> 14500 | AI8: =IF(X8="",IF(D8="EV",TAT_Acc_EV,TAT_Acc_D),X8) -> 0.25 | AJ8: =IF(D8="EV",TAT_AuxBase_EV,TAT_AuxBase_D)+TAT_HVAC_k*MAX(0,IF(W8="",TAT_Temp_Default,W8)-TAT_HVAC_Tset) -> 8.1 | AK8: =SUM(O8:U8) -> 305.21608 | AL8: =SUM(H8:N8)/60 -> 4.9836369 | AM8: =SUM(I8:N8)/60 -> 4.9836369 | AN8: =SUM(I8:J8)/60 -> 0.39027778 | AO8: =SUM(K8:N8)/60 -> 4.5933592 | AP8: =IFERROR(SUM(R8:U8)/AO8,0) -> 66.422256 | AQ8: =IFERROR(R8/(K8/60),0) -> 2.771173 | AR8: =IFERROR(S8/(L8/60),0) -> 57.911311 | AS8: =IFERROR(T8/(M8/60),0) -> 60.745321 | AT8: =IFERROR(U8/(N8/60),0) -> 72.799712 | AU8: =(IF(D8="EV",TAT_Crr_EV,TAT_Crr_D)*AH8*TAT_G_acc*(AK8-T8)+IF(D8="EV",TAT_Kaero_EV,TAT_Kaero_D)*((AQ8/3.6)^2*R8+(AR8/3.6)^2*S8+(AT8/3.6)^2*U8))/3600 -> 158.36837 | AV8: =(IF(D8="EV",TAT_Crr_EV,TAT_Crr_D)*AH8*TAT_G_acc+IF(D8="EV",TAT_Kaero_EV,TAT_Kaero_D)*(AS8/3.6)^2)*T8/3600 -> 22.673479 | AW8: =AH8*AI8*S8/3600 -> 58.331178 | AX8: =AH8*TAT_G_acc*AG8/3600000 -> -34.968562 | AY8: =AU8+MAX(0,AV8-AW8) -> 158.36837 | AZ8: =MAX(0,AX8)-TAT_Descent_Share*MAX(0,-AX8) -> -17.484281 | BA8: =MAX(0,AW8-AV8)+(1-TAT_Descent_Share)*MAX(0,-AX8) -> 53.14198 | BB8: =MAX(0,AY8+AW8+AZ8) -> 199.21526 | BC8: =BB8/IF(D8="EV",TAT_EtaPT_EV,TAT_EtaPT_D) -> 618.68094 | BD8: =IF(D8="EV",AJ8*AM8,AJ8*AO8/TAT_EtaEng_D) -> 106.30346 | BE8: =IF(D8="EV",0,TAT_IdleFuel_D*AN8*TAT_LHV_kWhL) -> 9.7298418 | BF8: =IF(D8="EV",TAT_Regen_EV*TAT_EtaPT_EV*BA8,0) -> 0 | BG8: =BC8+BD8+BE8-BF8 -> 734.71423 | BH8: =IF(D8="EV",IF(Y8="","",Y8),IF(Z8="","",Z8*TAT_LHV_kWhL)) | BI8: =IF(TAT_Cal_Apply="Yes",IF(D8="EV",TAT_CF_EV,TAT_CF_D),1) -> 1 | BJ8: =BG8*BI8 -> 734.71423 | BK8: =BJ8*3.6 -> 2644.9712 | BL8: =IF(D8="EV","",BJ8/TAT_LHV_kWhL) -> 73.676079 | BM8: =IF(D8="EV",BJ8/TAT_EtaCharger,"") | BN8: =IFERROR(BJ8/AK8,"") -> 2.4071938 | BO8: =IFERROR(AK8/BJ8,"") -> 0.41542148 | BP8: =IF(D8="EV","",IFERROR(AK8/BL8,"")) -> 4.1426753 | BQ8: =IFERROR(BB8/BJ8,"") -> 0.27114659 | BR8: =IF(D8="EV",BM8*TAT_Tariff_EV,BL8*TAT_Price_Diesel) -> 6778.1993 | BS8: =IF(D8="EV",BM8*TAT_EF_Grid,BL8*TAT_EF_Diesel) -> 197.45189 | BT8: =IFERROR(BR8/AK8,"") -> 22.207871 | BU8: =IFERROR(BS8/AK8,"") -> 0.64692494 | BV8: =IF(AND(ISNUMBER(BH8),BH8>0),BG8/BH8-1,"") | BW8: =IF(AND(AF8=1,D8="EV"),BN8,NA()) -> #N/A | BX8: =IF(AND(AF8=1,D8="Diesel"),BN8,NA()) -> 2.4071938
A9: PAIR_003_EV | B9: PAIR_003 | C9: 46213 | D9: EV | E9: Maduravoyal ↔ Silk Board | F9: Maduravoyal → Silk Board | G9: 0.016851852 | H9: 38.333333 | I9: 10.566667 | J9: 0 | K9: 0.66666667 | L9: 49.316667 | M9: 44.583333 | N9: 202.15 | O9: 0.3220724 | P9: 0.46962669 | Q9: 0 | R9: 0.2646788 | S9: 46.828639 | T9: 41.95381 | U9: 230.50068 | AA9: =IF(AND(D9<>"EV",D9<>"Diesel"),"Invalid vehicle",IF(COUNTIFS(Routes[Corridor],E9,Routes[Direction],F9)=0,"Unknown route",IF(C9="","Missing date",IF(SUM(O9:U9)<=0,"No distance","OK")))) -> OK | AB9: =IF(C9="","",DATE(YEAR(C9),MONTH(C9),1)) -> 46204 | AC9: =--(COUNTIFS($C$5:C9,C9,$D$5:D9,D9,$G$5:G9,G9,$F$5:F9,F9)=1) -> 1 | AD9: =--AND(AA9="OK",OR(TAT_Sel_Basis="All pair instances",AC9=1),OR(TAT_Sel_Corridor="All",E9=TAT_Sel_Corridor),OR(TAT_Sel_DirEff="All",F9=TAT_Sel_DirEff)) -> 1 | AE9: =--AND(AA9="OK",OR(TAT_Sel_Basis="All pair instances",AC9=1),OR(TAT_Sel_Month="All",TEXT(AB9,"mmm yyyy")=TAT_Sel_Month)) -> 1 | AF9: =AD9*AE9 -> 1 | AG9: =SUMIFS(Routes[Net elevation (m)],Routes[Corridor],E9,Routes[Direction],F9) -> 885 | AH9: =IF(D9="EV",TAT_Kerb_EV,TAT_Kerb_D)+IF(V9="",TAT_Pax_Default,V9)*TAT_Pax_Mass -> 16500 | AI9: =IF(X9="",IF(D9="EV",TAT_Acc_EV,TAT_Acc_D),X9) -> 0.25 | AJ9: =IF(D9="EV",TAT_AuxBase_EV,TAT_AuxBase_D)+TAT_HVAC_k*MAX(0,IF(W9="",TAT_Temp_Default,W9)-TAT_HVAC_Tset) -> 8.1 | AK9: =SUM(O9:U9) -> 320.33951 | AL9: =SUM(H9:N9)/60 -> 5.7602778 | AM9: =SUM(I9:N9)/60 -> 5.1213889 | AN9: =SUM(I9:J9)/60 -> 0.17611111 | AO9: =SUM(K9:N9)/60 -> 4.9452778 | AP9: =IFERROR(SUM(R9:U9)/AO9,0) -> 64.616757 | AQ9: =IFERROR(R9/(K9/60),0) -> 23.821092 | AR9: =IFERROR(S9/(L9/60),0) -> 56.972998 | AS9: =IFERROR(T9/(M9/60),0) -> 56.461202 | AT9: =IFERROR(U9/(N9/60),0) -> 68.414746 | AU9: =(IF(D9="EV",TAT_Crr_EV,TAT_Crr_D)*AH9*TAT_G_acc*(AK9-T9)+IF(D9="EV",TAT_Kaero_EV,TAT_Kaero_D)*((AQ9/3.6)^2*R9+(AR9/3.6)^2*S9+(AT9/3.6)^2*U9))/3600 -> 170.59201 | AV9: =(IF(D9="EV",TAT_Crr_EV,TAT_Crr_D)*AH9*TAT_G_acc+IF(D9="EV",TAT_Kaero_EV,TAT_Kaero_D)*(AS9/3.6)^2)*T9/3600 -> 22.218973 | AW9: =AH9*AI9*S9/3600 -> 53.657816 | AX9: =AH9*TAT_G_acc*AG9/3600000 -> 39.791812 | AY9: =AU9+MAX(0,AV9-AW9) -> 170.59201 | AZ9: =MAX(0,AX9)-TAT_Descent_Share*MAX(0,-AX9) -> 39.791812 | BA9: =MAX(0,AW9-AV9)+(1-TAT_Descent_Share)*MAX(0,-AX9) -> 31.438843 | BB9: =MAX(0,AY9+AW9+AZ9) -> 264.04164 | BC9: =BB9/IF(D9="EV",TAT_EtaPT_EV,TAT_EtaPT_D) -> 318.37178 | BD9: =IF(D9="EV",AJ9*AM9,AJ9*AO9/TAT_EtaEng_D) -> 41.48325 | BE9: =IF(D9="EV",0,TAT_IdleFuel_D*AN9*TAT_LHV_kWhL) -> 0 | BF9: =IF(D9="EV",TAT_Regen_EV*TAT_EtaPT_EV*BA9,0) -> 15.644283 | BG9: =BC9+BD9+BE9-BF9 -> 344.21075 | BH9: =IF(D9="EV",IF(Y9="","",Y9),IF(Z9="","",Z9*TAT_LHV_kWhL)) | BI9: =IF(TAT_Cal_Apply="Yes",IF(D9="EV",TAT_CF_EV,TAT_CF_D),1) -> 1 | BJ9: =BG9*BI9 -> 344.21075 | BK9: =BJ9*3.6 -> 1239.1587 | BL9: =IF(D9="EV","",BJ9/TAT_LHV_kWhL) | BM9: =IF(D9="EV",BJ9/TAT_EtaCharger,"") -> 374.14212 | BN9: =IFERROR(BJ9/AK9,"") -> 1.0745186 | BO9: =IFERROR(AK9/BJ9,"") -> 0.93064935 | BP9: =IF(D9="EV","",IFERROR(AK9/BL9,"")) | BQ9: =IFERROR(BB9/BJ9,"") -> 0.76709294 | BR9: =IF(D9="EV",BM9*TAT_Tariff_EV,BL9*TAT_Price_Diesel) -> 3554.3501 | BS9: =IF(D9="EV",BM9*TAT_EF_Grid,BL9*TAT_EF_Diesel) -> 265.6409 | BT9: =IFERROR(BR9/AK9,"") -> 11.095572 | BU9: =IFERROR(BS9/AK9,"") -> 0.82924802 | BV9: =IF(AND(ISNUMBER(BH9),BH9>0),BG9/BH9-1,"") | BW9: =IF(AND(AF9=1,D9="EV"),BN9,NA()) -> 1.0745186 | BX9: =IF(AND(AF9=1,D9="Diesel"),BN9,NA()) -> #N/A
A10: PAIR_003_ICE | B10: PAIR_003 | C10: 46234 | D10: Diesel | E10: Maduravoyal ↔ Silk Board | F10: Maduravoyal → Silk Board | G10: 0.97584491 | H10: 0 | I10: 35.983333 | J10: 0.35 | K10: 4.0833333 | L10: 62.08705 | M10: 50.533333 | N10: 205.36038 | O10: 0 | P10: 0.34734042 | Q10: 0 | R10: 0.4374014 | S10: 58.410381 | T10: 47.464359 | U10: 214.02954 | AA10: =IF(AND(D10<>"EV",D10<>"Diesel"),"Invalid vehicle",IF(COUNTIFS(Routes[Corridor],E10,Routes[Direction],F10)=0,"Unknown route",IF(C10="","Missing date",IF(SUM(O10:U10)<=0,"No distance","OK")))) -> OK | AB10: =IF(C10="","",DATE(YEAR(C10),MONTH(C10),1)) -> 46204 | AC10: =--(COUNTIFS($C$5:C10,C10,$D$5:D10,D10,$G$5:G10,G10,$F$5:F10,F10)=1) -> 1 | AD10: =--AND(AA10="OK",OR(TAT_Sel_Basis="All pair instances",AC10=1),OR(TAT_Sel_Corridor="All",E10=TAT_Sel_Corridor),OR(TAT_Sel_DirEff="All",F10=TAT_Sel_DirEff)) -> 1 | AE10: =--AND(AA10="OK",OR(TAT_Sel_Basis="All pair instances",AC10=1),OR(TAT_Sel_Month="All",TEXT(AB10,"mmm yyyy")=TAT_Sel_Month)) -> 1 | AF10: =AD10*AE10 -> 1 | AG10: =SUMIFS(Routes[Net elevation (m)],Routes[Corridor],E10,Routes[Direction],F10) -> 885 | AH10: =IF(D10="EV",TAT_Kerb_EV,TAT_Kerb_D)+IF(V10="",TAT_Pax_Default,V10)*TAT_Pax_Mass -> 14500 | AI10: =IF(X10="",IF(D10="EV",TAT_Acc_EV,TAT_Acc_D),X10) -> 0.25 | AJ10: =IF(D10="EV",TAT_AuxBase_EV,TAT_AuxBase_D)+TAT_HVAC_k*MAX(0,IF(W10="",TAT_Temp_Default,W10)-TAT_HVAC_Tset) -> 8.1 | AK10: =SUM(O10:U10) -> 320.68902 | AL10: =SUM(H10:N10)/60 -> 5.9732906 | AM10: =SUM(I10:N10)/60 -> 5.9732906 | AN10: =SUM(I10:J10)/60 -> 0.60555556 | AO10: =SUM(K10:N10)/60 -> 5.367735 | AP10: =IFERROR(SUM(R10:U10)/AO10,0) -> 59.679116 | AQ10: =IFERROR(R10/(K10/60),0) -> 6.4271227 | AR10: =IFERROR(S10/(L10/60),0) -> 56.446922 | AS10: =IFERROR(T10/(M10/60),0) -> 56.3561 | AT10: =IFERROR(U10/(N10/60),0) -> 62.53286 | AU10: =(IF(D10="EV",TAT_Crr_EV,TAT_Crr_D)*AH10*TAT_G_acc*(AK10-T10)+IF(D10="EV",TAT_Kaero_EV,TAT_Kaero_D)*((AQ10/3.6)^2*R10+(AR10/3.6)^2*S10+(AT10/3.6)^2*U10))/3600 -> 144.52669 | AV10: =(IF(D10="EV",TAT_Crr_EV,TAT_Crr_D)*AH10*TAT_G_acc+IF(D10="EV",TAT_Kaero_EV,TAT_Kaero_D)*(AS10/3.6)^2)*T10/3600 -> 23.288692 | AW10: =AH10*AI10*S10/3600 -> 58.816009 | AX10: =AH10*TAT_G_acc*AG10/3600000 -> 34.968562 | AY10: =AU10+MAX(0,AV10-AW10) -> 144.52669 | AZ10: =MAX(0,AX10)-TAT_Descent_Share*MAX(0,-AX10) -> 34.968562 | BA10: =MAX(0,AW10-AV10)+(1-TAT_Descent_Share)*MAX(0,-AX10) -> 35.527317 | BB10: =MAX(0,AY10+AW10+AZ10) -> 238.31126 | BC10: =BB10/IF(D10="EV",TAT_EtaPT_EV,TAT_EtaPT_D) -> 740.09709 | BD10: =IF(D10="EV",AJ10*AM10,AJ10*AO10/TAT_EtaEng_D) -> 124.22472 | BE10: =IF(D10="EV",0,TAT_IdleFuel_D*AN10*TAT_LHV_kWhL) -> 15.096836 | BF10: =IF(D10="EV",TAT_Regen_EV*TAT_EtaPT_EV*BA10,0) -> 0 | BG10: =BC10+BD10+BE10-BF10 -> 879.41865 | BH10: =IF(D10="EV",IF(Y10="","",Y10),IF(Z10="","",Z10*TAT_LHV_kWhL)) | BI10: =IF(TAT_Cal_Apply="Yes",IF(D10="EV",TAT_CF_EV,TAT_CF_D),1) -> 1 | BJ10: =BG10*BI10 -> 879.41865 | BK10: =BJ10*3.6 -> 3165.9071 | BL10: =IF(D10="EV","",BJ10/TAT_LHV_kWhL) -> 88.186829 | BM10: =IF(D10="EV",BJ10/TAT_EtaCharger,"") | BN10: =IFERROR(BJ10/AK10,"") -> 2.7422787 | BO10: =IFERROR(AK10/BJ10,"") -> 0.36466024 | BP10: =IF(D10="EV","",IFERROR(AK10/BL10,"")) -> 3.636473 | BQ10: =IFERROR(BB10/BJ10,"") -> 0.27098727 | BR10: =IF(D10="EV",BM10*TAT_Tariff_EV,BL10*TAT_Price_Diesel) -> 8113.1882 | BS10: =IF(D10="EV",BM10*TAT_EF_Grid,BL10*TAT_EF_Diesel) -> 236.3407 | BT10: =IFERROR(BR10/AK10,"") -> 25.299239 | BU10: =IFERROR(BS10/AK10,"") -> 0.73697784 | BV10: =IF(AND(ISNUMBER(BH10),BH10>0),BG10/BH10-1,"") | BW10: =IF(AND(AF10=1,D10="EV"),BN10,NA()) -> #N/A | BX10: =IF(AND(AF10=1,D10="Diesel"),BN10,NA()) -> 2.7422787
A11: PAIR_004_EV | B11: PAIR_004 | C11: 46218 | D11: EV | E11: Chennai ↔ Pondicherry | F11: Chennai → Pondicherry | G11: 0.39075231 | H11: 0 | I11: 25.883333 | J11: 8.15 | K11: 8.0166667 | L11: 55.883333 | M11: 40.116667 | N11: 102.39363 | O11: 0 | P11: 0.35568686 | Q11: 0.57585003 | R11: 0.6265752 | S11: 44.777395 | T11: 31.03077 | U11: 70.832492 | AA11: =IF(AND(D11<>"EV",D11<>"Diesel"),"Invalid vehicle",IF(COUNTIFS(Routes[Corridor],E11,Routes[Direction],F11)=0,"Unknown route",IF(C11="","Missing date",IF(SUM(O11:U11)<=0,"No distance","OK")))) -> OK | AB11: =IF(C11="","",DATE(YEAR(C11),MONTH(C11),1)) -> 46204 | AC11: =--(COUNTIFS($C$5:C11,C11,$D$5:D11,D11,$G$5:G11,G11,$F$5:F11,F11)=1) -> 1 | AD11: =--AND(AA11="OK",OR(TAT_Sel_Basis="All pair instances",AC11=1),OR(TAT_Sel_Corridor="All",E11=TAT_Sel_Corridor),OR(TAT_Sel_DirEff="All",F11=TAT_Sel_DirEff)) -> 0 | AE11: =--AND(AA11="OK",OR(TAT_Sel_Basis="All pair instances",AC11=1),OR(TAT_Sel_Month="All",TEXT(AB11,"mmm yyyy")=TAT_Sel_Month)) -> 1 | AF11: =AD11*AE11 -> 0 | AG11: =SUMIFS(Routes[Net elevation (m)],Routes[Corridor],E11,Routes[Direction],F11) -> -5 | AH11: =IF(D11="EV",TAT_Kerb_EV,TAT_Kerb_D)+IF(V11="",TAT_Pax_Default,V11)*TAT_Pax_Mass -> 16500 | AI11: =IF(X11="",IF(D11="EV",TAT_Acc_EV,TAT_Acc_D),X11) -> 0.25 | AJ11: =IF(D11="EV",TAT_AuxBase_EV,TAT_AuxBase_D)+TAT_HVAC_k*MAX(0,IF(W11="",TAT_Temp_Default,W11)-TAT_HVAC_Tset) -> 8.1 | AK11: =SUM(O11:U11) -> 148.19877 | AL11: =SUM(H11:N11)/60 -> 4.0073939 | AM11: =SUM(I11:N11)/60 -> 4.0073939 | AN11: =SUM(I11:J11)/60 -> 0.56722222 | AO11: =SUM(K11:N11)/60 -> 3.4401717 | AP11: =IFERROR(SUM(R11:U11)/AO11,0) -> 42.808106 | AQ11: =IFERROR(R11/(K11/60),0) -> 4.6895441 | AR11: =IFERROR(S11/(L11/60),0) -> 48.075938 | AS11: =IFERROR(T11/(M11/60),0) -> 46.41079 | AT11: =IFERROR(U11/(N11/60),0) -> 41.505994 | AU11: =(IF(D11="EV",TAT_Crr_EV,TAT_Crr_D)*AH11*TAT_G_acc*(AK11-T11)+IF(D11="EV",TAT_Kaero_EV,TAT_Kaero_D)*((AQ11/3.6)^2*R11+(AR11/3.6)^2*S11+(AT11/3.6)^2*U11))/3600 -> 52.078574 | AV11: =(IF(D11="EV",TAT_Crr_EV,TAT_Crr_D)*AH11*TAT_G_acc+IF(D11="EV",TAT_Kaero_EV,TAT_Kaero_D)*(AS11/3.6)^2)*T11/3600 -> 14.271624 | AW11: =AH11*AI11*S11/3600 -> 51.307431 | AX11: =AH11*TAT_G_acc*AG11/3600000 -> -0.2248125 | AY11: =AU11+MAX(0,AV11-AW11) -> 52.078574 | AZ11: =MAX(0,AX11)-TAT_Descent_Share*MAX(0,-AX11) -> -0.11240625 | BA11: =MAX(0,AW11-AV11)+(1-TAT_Descent_Share)*MAX(0,-AX11) -> 37.148214 | BB11: =MAX(0,AY11+AW11+AZ11) -> 103.2736 | BC11: =BB11/IF(D11="EV",TAT_EtaPT_EV,TAT_EtaPT_D) -> 124.52354 | BD11: =IF(D11="EV",AJ11*AM11,AJ11*AO11/TAT_EtaEng_D) -> 32.45989 | BE11: =IF(D11="EV",0,TAT_IdleFuel_D*AN11*TAT_LHV_kWhL) -> 0 | BF11: =IF(D11="EV",TAT_Regen_EV*TAT_EtaPT_EV*BA11,0) -> 18.485323 | BG11: =BC11+BD11+BE11-BF11 -> 138.49811 | BH11: =IF(D11="EV",IF(Y11="","",Y11),IF(Z11="","",Z11*TAT_LHV_kWhL)) | BI11: =IF(TAT_Cal_Apply="Yes",IF(D11="EV",TAT_CF_EV,TAT_CF_D),1) -> 1 | BJ11: =BG11*BI11 -> 138.49811 | BK11: =BJ11*3.6 -> 498.59319 | BL11: =IF(D11="EV","",BJ11/TAT_LHV_kWhL) | BM11: =IF(D11="EV",BJ11/TAT_EtaCharger,"") -> 150.54142 | BN11: =IFERROR(BJ11/AK11,"") -> 0.93454291 | BO11: =IFERROR(AK11/BJ11,"") -> 1.0700418 | BP11: =IF(D11="EV","",IFERROR(AK11/BL11,"")) | BQ11: =IFERROR(BB11/BJ11,"") -> 0.74566793 | BR11: =IF(D11="EV",BM11*TAT_Tariff_EV,BL11*TAT_Price_Diesel) -> 1430.1435 | BS11: =IF(D11="EV",BM11*TAT_EF_Grid,BL11*TAT_EF_Diesel) -> 106.88441 | BT11: =IFERROR(BR11/AK11,"") -> 9.6501714 | BU11: =IFERROR(BS11/AK11,"") -> 0.72122334 | BV11: =IF(AND(ISNUMBER(BH11),BH11>0),BG11/BH11-1,"") | BW11: =IF(AND(AF11=1,D11="EV"),BN11,NA()) -> #N/A | BX11: =IF(AND(AF11=1,D11="Diesel"),BN11,NA()) -> #N/A
A12: PAIR_004_ICE | B12: PAIR_004 | C12: 46218 | D12: Diesel | E12: Chennai ↔ Pondicherry | F12: Chennai → Pondicherry | G12: 0.47248843 | H12: 0 | I12: 69.483333 | J12: 9.95 | K12: 1.7166667 | L12: 25.133333 | M12: 23.433333 | N12: 144.63333 | O12: 0 | P12: 0.83987814 | Q12: 1.7979996 | R12: 0.57590785 | S12: 16.043683 | T12: 16.779597 | U12: 112.08835 | AA12: =IF(AND(D12<>"EV",D12<>"Diesel"),"Invalid vehicle",IF(COUNTIFS(Routes[Corridor],E12,Routes[Direction],F12)=0,"Unknown route",IF(C12="","Missing date",IF(SUM(O12:U12)<=0,"No distance","OK")))) -> OK | AB12: =IF(C12="","",DATE(YEAR(C12),MONTH(C12),1)) -> 46204 | AC12: =--(COUNTIFS($C$5:C12,C12,$D$5:D12,D12,$G$5:G12,G12,$F$5:F12,F12)=1) -> 1 | AD12: =--AND(AA12="OK",OR(TAT_Sel_Basis="All pair instances",AC12=1),OR(TAT_Sel_Corridor="All",E12=TAT_Sel_Corridor),OR(TAT_Sel_DirEff="All",F12=TAT_Sel_DirEff)) -> 0 | AE12: =--AND(AA12="OK",OR(TAT_Sel_Basis="All pair instances",AC12=1),OR(TAT_Sel_Month="All",TEXT(AB12,"mmm yyyy")=TAT_Sel_Month)) -> 1 | AF12: =AD12*AE12 -> 0 | AG12: =SUMIFS(Routes[Net elevation (m)],Routes[Corridor],E12,Routes[Direction],F12) -> -5 | AH12: =IF(D12="EV",TAT_Kerb_EV,TAT_Kerb_D)+IF(V12="",TAT_Pax_Default,V12)*TAT_Pax_Mass -> 14500 | AI12: =IF(X12="",IF(D12="EV",TAT_Acc_EV,TAT_Acc_D),X12) -> 0.25 | AJ12: =IF(D12="EV",TAT_AuxBase_EV,TAT_AuxBase_D)+TAT_HVAC_k*MAX(0,IF(W12="",TAT_Temp_Default,W12)-TAT_HVAC_Tset) -> 8.1 | AK12: =SUM(O12:U12) -> 148.12542 | AL12: =SUM(H12:N12)/60 -> 4.5725 | AM12: =SUM(I12:N12)/60 -> 4.5725 | AN12: =SUM(I12:J12)/60 -> 1.3238889 | AO12: =SUM(K12:N12)/60 -> 3.2486111 | AP12: =IFERROR(SUM(R12:U12)/AO12,0) -> 44.784536 | AQ12: =IFERROR(R12/(K12/60),0) -> 20.128818 | AR12: =IFERROR(S12/(L12/60),0) -> 38.300568 | AS12: =IFERROR(T12/(M12/60),0) -> 42.963405 | AT12: =IFERROR(U12/(N12/60),0) -> 46.498972 | AU12: =(IF(D12="EV",TAT_Crr_EV,TAT_Crr_D)*AH12*TAT_G_acc*(AK12-T12)+IF(D12="EV",TAT_Kaero_EV,TAT_Kaero_D)*((AQ12/3.6)^2*R12+(AR12/3.6)^2*S12+(AT12/3.6)^2*U12))/3600 -> 54.265635 | AV12: =(IF(D12="EV",TAT_Crr_EV,TAT_Crr_D)*AH12*TAT_G_acc+IF(D12="EV",TAT_Kaero_EV,TAT_Kaero_D)*(AS12/3.6)^2)*T12/3600 -> 6.7286428 | AW12: =AH12*AI12*S12/3600 -> 16.155097 | AX12: =AH12*TAT_G_acc*AG12/3600000 -> -0.1975625 | AY12: =AU12+MAX(0,AV12-AW12) -> 54.265635 | AZ12: =MAX(0,AX12)-TAT_Descent_Share*MAX(0,-AX12) -> -0.09878125 | BA12: =MAX(0,AW12-AV12)+(1-TAT_Descent_Share)*MAX(0,-AX12) -> 9.5252355 | BB12: =MAX(0,AY12+AW12+AZ12) -> 70.321951 | BC12: =BB12/IF(D12="EV",TAT_EtaPT_EV,TAT_EtaPT_D) -> 218.39115 | BD12: =IF(D12="EV",AJ12*AM12,AJ12*AO12/TAT_EtaEng_D) -> 75.182143 | BE12: =IF(D12="EV",0,TAT_IdleFuel_D*AN12*TAT_LHV_kWhL) -> 33.005285 | BF12: =IF(D12="EV",TAT_Regen_EV*TAT_EtaPT_EV*BA12,0) -> 0 | BG12: =BC12+BD12+BE12-BF12 -> 326.57858 | BH12: =IF(D12="EV",IF(Y12="","",Y12),IF(Z12="","",Z12*TAT_LHV_kWhL)) | BI12: =IF(TAT_Cal_Apply="Yes",IF(D12="EV",TAT_CF_EV,TAT_CF_D),1) -> 1 | BJ12: =BG12*BI12 -> 326.57858 | BK12: =BJ12*3.6 -> 1175.6829 | BL12: =IF(D12="EV","",BJ12/TAT_LHV_kWhL) -> 32.748827 | BM12: =IF(D12="EV",BJ12/TAT_EtaCharger,"") | BN12: =IFERROR(BJ12/AK12,"") -> 2.2047437 | BO12: =IFERROR(AK12/BJ12,"") -> 0.45356747 | BP12: =IF(D12="EV","",IFERROR(AK12/BL12,"")) -> 4.5230756 | BQ12: =IFERROR(BB12/BJ12,"") -> 0.21532934 | BR12: =IF(D12="EV",BM12*TAT_Tariff_EV,BL12*TAT_Price_Diesel) -> 3012.8921 | BS12: =IF(D12="EV",BM12*TAT_EF_Grid,BL12*TAT_EF_Diesel) -> 87.766856 | BT12: =IFERROR(BR12/AK12,"") -> 20.340142 | BU12: =IFERROR(BS12/AK12,"") -> 0.59251718 | BV12: =IF(AND(ISNUMBER(BH12),BH12>0),BG12/BH12-1,"") | BW12: =IF(AND(AF12=1,D12="EV"),BN12,NA()) -> #N/A | BX12: =IF(AND(AF12=1,D12="Diesel"),BN12,NA()) -> #N/A
A13: PAIR_005_EV | B13: PAIR_005 | C13: 46218 | D13: EV | E13: Chennai ↔ Pondicherry | F13: Chennai → Pondicherry | G13: 0.4141088 | H13: 0 | I13: 25.883333 | J13: 4.9333333 | K13: 5.9333333 | L13: 52.333333 | M13: 37.574967 | N13: 82.933617 | O13: 0 | P13: 0.35568686 | Q13: 0.46935935 | R13: 0.35650575 | S13: 43.251328 | T13: 30.282042 | U13: 66.907082 | AA13: =IF(AND(D13<>"EV",D13<>"Diesel"),"Invalid vehicle",IF(COUNTIFS(Routes[Corridor],E13,Routes[Direction],F13)=0,"Unknown route",IF(C13="","Missing date",IF(SUM(O13:U13)<=0,"No distance","OK")))) -> OK | AB13: =IF(C13="","",DATE(YEAR(C13),MONTH(C13),1)) -> 46204 | AC13: =--(COUNTIFS($C$5:C13,C13,$D$5:D13,D13,$G$5:G13,G13,$F$5:F13,F13)=1) -> 1 | AD13: =--AND(AA13="OK",OR(TAT_Sel_Basis="All pair instances",AC13=1),OR(TAT_Sel_Corridor="All",E13=TAT_Sel_Corridor),OR(TAT_Sel_DirEff="All",F13=TAT_Sel_DirEff)) -> 0 | AE13: =--AND(AA13="OK",OR(TAT_Sel_Basis="All pair instances",AC13=1),OR(TAT_Sel_Month="All",TEXT(AB13,"mmm yyyy")=TAT_Sel_Month)) -> 1 | AF13: =AD13*AE13 -> 0 | AG13: =SUMIFS(Routes[Net elevation (m)],Routes[Corridor],E13,Routes[Direction],F13) -> -5 | AH13: =IF(D13="EV",TAT_Kerb_EV,TAT_Kerb_D)+IF(V13="",TAT_Pax_Default,V13)*TAT_Pax_Mass -> 16500 | AI13: =IF(X13="",IF(D13="EV",TAT_Acc_EV,TAT_Acc_D),X13) -> 0.25 | AJ13: =IF(D13="EV",TAT_AuxBase_EV,TAT_AuxBase_D)+TAT_HVAC_k*MAX(0,IF(W13="",TAT_Temp_Default,W13)-TAT_HVAC_Tset) -> 8.1 | AK13: =SUM(O13:U13) -> 141.622 | AL13: =SUM(H13:N13)/60 -> 3.4931986 | AM13: =SUM(I13:N13)/60 -> 3.4931986 | AN13: =SUM(I13:J13)/60 -> 0.51361111 | AO13: =SUM(K13:N13)/60 -> 2.9795875 | AP13: =IFERROR(SUM(R13:U13)/AO13,0) -> 47.253842 | AQ13: =IFERROR(R13/(K13/60),0) -> 3.6051144 | AR13: =IFERROR(S13/(L13/60),0) -> 49.58751 | AS13: =IFERROR(T13/(M13/60),0) -> 48.3546 | AT13: =IFERROR(U13/(N13/60),0) -> 48.40528 | AU13: =(IF(D13="EV",TAT_Crr_EV,TAT_Crr_D)*AH13*TAT_G_acc*(AK13-T13)+IF(D13="EV",TAT_Kaero_EV,TAT_Kaero_D)*((AQ13/3.6)^2*R13+(AR13/3.6)^2*S13+(AT13/3.6)^2*U13))/3600 -> 52.777921 | AV13: =(IF(D13="EV",TAT_Crr_EV,TAT_Crr_D)*AH13*TAT_G_acc+IF(D13="EV",TAT_Kaero_EV,TAT_Kaero_D)*(AS13/3.6)^2)*T13/3600 -> 14.303246 | AW13: =AH13*AI13*S13/3600 -> 49.558813 | AX13: =AH13*TAT_G_acc*AG13/3600000 -> -0.2248125 | AY13: =AU13+MAX(0,AV13-AW13) -> 52.777921 | AZ13: =MAX(0,AX13)-TAT_Descent_Share*MAX(0,-AX13) -> -0.11240625 | BA13: =MAX(0,AW13-AV13)+(1-TAT_Descent_Share)*MAX(0,-AX13) -> 35.367974 | BB13: =MAX(0,AY13+AW13+AZ13) -> 102.22433 | BC13: =BB13/IF(D13="EV",TAT_EtaPT_EV,TAT_EtaPT_D) -> 123.25837 | BD13: =IF(D13="EV",AJ13*AM13,AJ13*AO13/TAT_EtaEng_D) -> 28.294909 | BE13: =IF(D13="EV",0,TAT_IdleFuel_D*AN13*TAT_LHV_kWhL) -> 0 | BF13: =IF(D13="EV",TAT_Regen_EV*TAT_EtaPT_EV*BA13,0) -> 17.599457 | BG13: =BC13+BD13+BE13-BF13 -> 133.95382 | BH13: =IF(D13="EV",IF(Y13="","",Y13),IF(Z13="","",Z13*TAT_LHV_kWhL)) | BI13: =IF(TAT_Cal_Apply="Yes",IF(D13="EV",TAT_CF_EV,TAT_CF_D),1) -> 1 | BJ13: =BG13*BI13 -> 133.95382 | BK13: =BJ13*3.6 -> 482.23375 | BL13: =IF(D13="EV","",BJ13/TAT_LHV_kWhL) | BM13: =IF(D13="EV",BJ13/TAT_EtaCharger,"") -> 145.60198 | BN13: =IFERROR(BJ13/AK13,"") -> 0.94585458 | BO13: =IFERROR(AK13/BJ13,"") -> 1.057245 | BP13: =IF(D13="EV","",IFERROR(AK13/BL13,"")) | BQ13: =IFERROR(BB13/BJ13,"") -> 0.76313111 | BR13: =IF(D13="EV",BM13*TAT_Tariff_EV,BL13*TAT_Price_Diesel) -> 1383.2188 | BS13: =IF(D13="EV",BM13*TAT_EF_Grid,BL13*TAT_EF_Diesel) -> 103.3774 | BT13: =IFERROR(BR13/AK13,"") -> 9.7669766 | BU13: =IFERROR(BS13/AK13,"") -> 0.72995299 | BV13: =IF(AND(ISNUMBER(BH13),BH13>0),BG13/BH13-1,"") | BW13: =IF(AND(AF13=1,D13="EV"),BN13,NA()) -> #N/A | BX13: =IF(AND(AF13=1,D13="Diesel"),BN13,NA()) -> #N/A
A14: PAIR_005_ICE | B14: PAIR_005 | C14: 46220 | D14: Diesel | E14: Chennai ↔ Pondicherry | F14: Chennai → Pondicherry | G14: 0.48878472 | H14: 0 | I14: 31.8 | J14: 0 | K14: 1.5 | L14: 30.466667 | M14: 23 | N14: 134.38333 | O14: 0 | P14: 0.2215609 | Q14: 0 | R14: 0.11647474 | S14: 21.522287 | T14: 17.072623 | U14: 102.73816 | AA14: =IF(AND(D14<>"EV",D14<>"Diesel"),"Invalid vehicle",IF(COUNTIFS(Routes[Corridor],E14,Routes[Direction],F14)=0,"Unknown route",IF(C14="","Missing date",IF(SUM(O14:U14)<=0,"No distance","OK")))) -> OK | AB14: =IF(C14="","",DATE(YEAR(C14),MONTH(C14),1)) -> 46204 | AC14: =--(COUNTIFS($C$5:C14,C14,$D$5:D14,D14,$G$5:G14,G14,$F$5:F14,F14)=1) -> 1 | AD14: =--AND(AA14="OK",OR(TAT_Sel_Basis="All pair instances",AC14=1),OR(TAT_Sel_Corridor="All",E14=TAT_Sel_Corridor),OR(TAT_Sel_DirEff="All",F14=TAT_Sel_DirEff)) -> 0 | AE14: =--AND(AA14="OK",OR(TAT_Sel_Basis="All pair instances",AC14=1),OR(TAT_Sel_Month="All",TEXT(AB14,"mmm yyyy")=TAT_Sel_Month)) -> 1 | AF14: =AD14*AE14 -> 0 | AG14: =SUMIFS(Routes[Net elevation (m)],Routes[Corridor],E14,Routes[Direction],F14) -> -5 | AH14: =IF(D14="EV",TAT_Kerb_EV,TAT_Kerb_D)+IF(V14="",TAT_Pax_Default,V14)*TAT_Pax_Mass -> 14500 | AI14: =IF(X14="",IF(D14="EV",TAT_Acc_EV,TAT_Acc_D),X14) -> 0.25 | AJ14: =IF(D14="EV",TAT_AuxBase_EV,TAT_AuxBase_D)+TAT_HVAC_k*MAX(0,IF(W14="",TAT_Temp_Default,W14)-TAT_HVAC_Tset) -> 8.1 | AK14: =SUM(O14:U14) -> 141.6711 | AL14: =SUM(H14:N14)/60 -> 3.6858333 | AM14: =SUM(I14:N14)/60 -> 3.6858333 | AN14: =SUM(I14:J14)/60 -> 0.53 | AO14: =SUM(K14:N14)/60 -> 3.1558333 | AP14: =IFERROR(SUM(R14:U14)/AO14,0) -> 44.821614 | AQ14: =IFERROR(R14/(K14/60),0) -> 4.6589895 | AR14: =IFERROR(S14/(L14/60),0) -> 42.385248 | AS14: =IFERROR(T14/(M14/60),0) -> 44.537278 | AT14: =IFERROR(U14/(N14/60),0) -> 45.870938 | AU14: =(IF(D14="EV",TAT_Crr_EV,TAT_Crr_D)*AH14*TAT_G_acc*(AK14-T14)+IF(D14="EV",TAT_Kaero_EV,TAT_Kaero_D)*((AQ14/3.6)^2*R14+(AR14/3.6)^2*S14+(AT14/3.6)^2*U14))/3600 -> 51.639288 | AV14: =(IF(D14="EV",TAT_Crr_EV,TAT_Crr_D)*AH14*TAT_G_acc+IF(D14="EV",TAT_Kaero_EV,TAT_Kaero_D)*(AS14/3.6)^2)*T14/3600 -> 7.0046189 | AW14: =AH14*AI14*S14/3600 -> 21.671747 | AX14: =AH14*TAT_G_acc*AG14/3600000 -> -0.1975625 | AY14: =AU14+MAX(0,AV14-AW14) -> 51.639288 | AZ14: =MAX(0,AX14)-TAT_Descent_Share*MAX(0,-AX14) -> -0.09878125 | BA14: =MAX(0,AW14-AV14)+(1-TAT_Descent_Share)*MAX(0,-AX14) -> 14.765909 | BB14: =MAX(0,AY14+AW14+AZ14) -> 73.212254 | BC14: =BB14/IF(D14="EV",TAT_EtaPT_EV,TAT_EtaPT_D) -> 227.36725 | BD14: =IF(D14="EV",AJ14*AM14,AJ14*AO14/TAT_EtaEng_D) -> 73.035 | BE14: =IF(D14="EV",0,TAT_IdleFuel_D*AN14*TAT_LHV_kWhL) -> 13.213194 | BF14: =IF(D14="EV",TAT_Regen_EV*TAT_EtaPT_EV*BA14,0) -> 0 | BG14: =BC14+BD14+BE14-BF14 -> 313.61544 | BH14: =IF(D14="EV",IF(Y14="","",Y14),IF(Z14="","",Z14*TAT_LHV_kWhL)) | BI14: =IF(TAT_Cal_Apply="Yes",IF(D14="EV",TAT_CF_EV,TAT_CF_D),1) -> 1 | BJ14: =BG14*BI14 -> 313.61544 | BK14: =BJ14*3.6 -> 1129.0156 | BL14: =IF(D14="EV","",BJ14/TAT_LHV_kWhL) -> 31.448902 | BM14: =IF(D14="EV",BJ14/TAT_EtaCharger,"") | BN14: =IFERROR(BJ14/AK14,"") -> 2.2136867 | BO14: =IFERROR(AK14/BJ14,"") -> 0.45173511 | BP14: =IF(D14="EV","",IFERROR(AK14/BL14,"")) -> 4.5048029 | BQ14: =IFERROR(BB14/BJ14,"") -> 0.23344595 | BR14: =IF(D14="EV",BM14*TAT_Tariff_EV,BL14*TAT_Price_Diesel) -> 2893.299 | BS14: =IF(D14="EV",BM14*TAT_EF_Grid,BL14*TAT_EF_Diesel) -> 84.283058 | BT14: =IFERROR(BR14/AK14,"") -> 20.422647 | BU14: =IFERROR(BS14/AK14,"") -> 0.5949206 | BV14: =IF(AND(ISNUMBER(BH14),BH14>0),BG14/BH14-1,"") | BW14: =IF(AND(AF14=1,D14="EV"),BN14,NA()) -> #N/A | BX14: =IF(AND(AF14=1,D14="Diesel"),BN14,NA()) -> #N/A
A15: PAIR_006_EV | B15: PAIR_006 | C15: 46220 | D15: EV | E15: Chennai ↔ Pondicherry | F15: Chennai → Pondicherry | G15: 0.3274537 | H15: 0 | I15: 30.183333 | J15: 14.291517 | K15: 2.1 | L15: 48.092233 | M15: 33.45 | N15: 93.4 | O15: 0 | P15: 0.38306582 | Q15: 2.3361161 | R15: 0.20461421 | S15: 38.63607 | T15: 26.286683 | U15: 80.361863 | AA15: =IF(AND(D15<>"EV",D15<>"Diesel"),"Invalid vehicle",IF(COUNTIFS(Routes[Corridor],E15,Routes[Direction],F15)=0,"Unknown route",IF(C15="","Missing date",IF(SUM(O15:U15)<=0,"No distance","OK")))) -> OK | AB15: =IF(C15="","",DATE(YEAR(C15),MONTH(C15),1)) -> 46204 | AC15: =--(COUNTIFS($C$5:C15,C15,$D$5:D15,D15,$G$5:G15,G15,$F$5:F15,F15)=1) -> 1 | AD15: =--AND(AA15="OK",OR(TAT_Sel_Basis="All pair instances",AC15=1),OR(TAT_Sel_Corridor="All",E15=TAT_Sel_Corridor),OR(TAT_Sel_DirEff="All",F15=TAT_Sel_DirEff)) -> 0 | AE15: =--AND(AA15="OK",OR(TAT_Sel_Basis="All pair instances",AC15=1),OR(TAT_Sel_Month="All",TEXT(AB15,"mmm yyyy")=TAT_Sel_Month)) -> 1 | AF15: =AD15*AE15 -> 0 | AG15: =SUMIFS(Routes[Net elevation (m)],Routes[Corridor],E15,Routes[Direction],F15) -> -5 | AH15: =IF(D15="EV",TAT_Kerb_EV,TAT_Kerb_D)+IF(V15="",TAT_Pax_Default,V15)*TAT_Pax_Mass -> 16500 | AI15: =IF(X15="",IF(D15="EV",TAT_Acc_EV,TAT_Acc_D),X15) -> 0.25 | AJ15: =IF(D15="EV",TAT_AuxBase_EV,TAT_AuxBase_D)+TAT_HVAC_k*MAX(0,IF(W15="",TAT_Temp_Default,W15)-TAT_HVAC_Tset) -> 8.1 | AK15: =SUM(O15:U15) -> 148.20841 | AL15: =SUM(H15:N15)/60 -> 3.6919514 | AM15: =SUM(I15:N15)/60 -> 3.6919514 | AN15: =SUM(I15:J15)/60 -> 0.7412475 | AO15: =SUM(K15:N15)/60 -> 2.9507039 | AP15: =IFERROR(SUM(R15:U15)/AO15,0) -> 49.306618 | AQ15: =IFERROR(R15/(K15/60),0) -> 5.8461203 | AR15: =IFERROR(S15/(L15/60),0) -> 48.202465 | AS15: =IFERROR(T15/(M15/60),0) -> 47.151001 | AT15: =IFERROR(U15/(N15/60),0) -> 51.624323 | AU15: =(IF(D15="EV",TAT_Crr_EV,TAT_Crr_D)*AH15*TAT_G_acc*(AK15-T15)+IF(D15="EV",TAT_Kaero_EV,TAT_Kaero_D)*((AQ15/3.6)^2*R15+(AR15/3.6)^2*S15+(AT15/3.6)^2*U15))/3600 -> 58.859931 | AV15: =(IF(D15="EV",TAT_Crr_EV,TAT_Crr_D)*AH15*TAT_G_acc+IF(D15="EV",TAT_Kaero_EV,TAT_Kaero_D)*(AS15/3.6)^2)*T15/3600 -> 12.212435 | AW15: =AH15*AI15*S15/3600 -> 44.270497 | AX15: =AH15*TAT_G_acc*AG15/3600000 -> -0.2248125 | AY15: =AU15+MAX(0,AV15-AW15) -> 58.859931 | AZ15: =MAX(0,AX15)-TAT_Descent_Share*MAX(0,-AX15) -> -0.11240625 | BA15: =MAX(0,AW15-AV15)+(1-TAT_Descent_Share)*MAX(0,-AX15) -> 32.170468 | BB15: =MAX(0,AY15+AW15+AZ15) -> 103.01802 | BC15: =BB15/IF(D15="EV",TAT_EtaPT_EV,TAT_EtaPT_D) -> 124.21538 | BD15: =IF(D15="EV",AJ15*AM15,AJ15*AO15/TAT_EtaEng_D) -> 29.904806 | BE15: =IF(D15="EV",0,TAT_IdleFuel_D*AN15*TAT_LHV_kWhL) -> 0 | BF15: =IF(D15="EV",TAT_Regen_EV*TAT_EtaPT_EV*BA15,0) -> 16.008347 | BG15: =BC15+BD15+BE15-BF15 -> 138.11184 | BH15: =IF(D15="EV",IF(Y15="","",Y15),IF(Z15="","",Z15*TAT_LHV_kWhL)) | BI15: =IF(TAT_Cal_Apply="Yes",IF(D15="EV",TAT_CF_EV,TAT_CF_D),1) -> 1 | BJ15: =BG15*BI15 -> 138.11184 | BK15: =BJ15*3.6 -> 497.20261 | BL15: =IF(D15="EV","",BJ15/TAT_LHV_kWhL) | BM15: =IF(D15="EV",BJ15/TAT_EtaCharger,"") -> 150.12156 | BN15: =IFERROR(BJ15/AK15,"") -> 0.93187582 | BO15: =IFERROR(AK15/BJ15,"") -> 1.0731044 | BP15: =IF(D15="EV","",IFERROR(AK15/BL15,"")) | BQ15: =IFERROR(BB15/BJ15,"") -> 0.74590292 | BR15: =IF(D15="EV",BM15*TAT_Tariff_EV,BL15*TAT_Price_Diesel) -> 1426.1548 | BS15: =IF(D15="EV",BM15*TAT_EF_Grid,BL15*TAT_EF_Diesel) -> 106.58631 | BT15: =IFERROR(BR15/AK15,"") -> 9.6226308 | BU15: =IFERROR(BS15/AK15,"") -> 0.71916504 | BV15: =IF(AND(ISNUMBER(BH15),BH15>0),BG15/BH15-1,"") | BW15: =IF(AND(AF15=1,D15="EV"),BN15,NA()) -> #N/A | BX15: =IF(AND(AF15=1,D15="Diesel"),BN15,NA()) -> #N/A
A16: PAIR_006_ICE | B16: PAIR_006 | C16: 46218 | D16: Diesel | E16: Chennai ↔ Pondicherry | F16: Chennai → Pondicherry | G16: 0.47248843 | H16: 0 | I16: 69.483333 | J16: 9.95 | K16: 1.7166667 | L16: 25.133333 | M16: 23.433333 | N16: 144.63333 | O16: 0 | P16: 0.83987814 | Q16: 1.7979996 | R16: 0.57590785 | S16: 16.043683 | T16: 16.779597 | U16: 112.11315 | AA16: =IF(AND(D16<>"EV",D16<>"Diesel"),"Invalid vehicle",IF(COUNTIFS(Routes[Corridor],E16,Routes[Direction],F16)=0,"Unknown route",IF(C16="","Missing date",IF(SUM(O16:U16)<=0,"No distance","OK")))) -> OK | AB16: =IF(C16="","",DATE(YEAR(C16),MONTH(C16),1)) -> 46204 | AC16: =--(COUNTIFS($C$5:C16,C16,$D$5:D16,D16,$G$5:G16,G16,$F$5:F16,F16)=1) -> 0 | AD16: =--AND(AA16="OK",OR(TAT_Sel_Basis="All pair instances",AC16=1),OR(TAT_Sel_Corridor="All",E16=TAT_Sel_Corridor),OR(TAT_Sel_DirEff="All",F16=TAT_Sel_DirEff)) -> 0 | AE16: =--AND(AA16="OK",OR(TAT_Sel_Basis="All pair instances",AC16=1),OR(TAT_Sel_Month="All",TEXT(AB16,"mmm yyyy")=TAT_Sel_Month)) -> 1 | AF16: =AD16*AE16 -> 0 | AG16: =SUMIFS(Routes[Net elevation (m)],Routes[Corridor],E16,Routes[Direction],F16) -> -5 | AH16: =IF(D16="EV",TAT_Kerb_EV,TAT_Kerb_D)+IF(V16="",TAT_Pax_Default,V16)*TAT_Pax_Mass -> 14500 | AI16: =IF(X16="",IF(D16="EV",TAT_Acc_EV,TAT_Acc_D),X16) -> 0.25 | AJ16: =IF(D16="EV",TAT_AuxBase_EV,TAT_AuxBase_D)+TAT_HVAC_k*MAX(0,IF(W16="",TAT_Temp_Default,W16)-TAT_HVAC_Tset) -> 8.1 | AK16: =SUM(O16:U16) -> 148.15022 | AL16: =SUM(H16:N16)/60 -> 4.5725 | AM16: =SUM(I16:N16)/60 -> 4.5725 | AN16: =SUM(I16:J16)/60 -> 1.3238889 | AO16: =SUM(K16:N16)/60 -> 3.2486111 | AP16: =IFERROR(SUM(R16:U16)/AO16,0) -> 44.79217 | AQ16: =IFERROR(R16/(K16/60),0) -> 20.128818 | AR16: =IFERROR(S16/(L16/60),0) -> 38.300568 | AS16: =IFERROR(T16/(M16/60),0) -> 42.963405 | AT16: =IFERROR(U16/(N16/60),0) -> 46.50926 | AU16: =(IF(D16="EV",TAT_Crr_EV,TAT_Crr_D)*AH16*TAT_G_acc*(AK16-T16)+IF(D16="EV",TAT_Kaero_EV,TAT_Kaero_D)*((AQ16/3.6)^2*R16+(AR16/3.6)^2*S16+(AT16/3.6)^2*U16))/3600 -> 54.283339 | AV16: =(IF(D16="EV",TAT_Crr_EV,TAT_Crr_D)*AH16*TAT_G_acc+IF(D16="EV",TAT_Kaero_EV,TAT_Kaero_D)*(AS16/3.6)^2)*T16/3600 -> 6.7286428 | AW16: =AH16*AI16*S16/3600 -> 16.155097 | AX16: =AH16*TAT_G_acc*AG16/3600000 -> -0.1975625 | AY16: =AU16+MAX(0,AV16-AW16) -> 54.283339 | AZ16: =MAX(0,AX16)-TAT_Descent_Share*MAX(0,-AX16) -> -0.09878125 | BA16: =MAX(0,AW16-AV16)+(1-TAT_Descent_Share)*MAX(0,-AX16) -> 9.5252355 | BB16: =MAX(0,AY16+AW16+AZ16) -> 70.339655 | BC16: =BB16/IF(D16="EV",TAT_EtaPT_EV,TAT_EtaPT_D) -> 218.44613 | BD16: =IF(D16="EV",AJ16*AM16,AJ16*AO16/TAT_EtaEng_D) -> 75.182143 | BE16: =IF(D16="EV",0,TAT_IdleFuel_D*AN16*TAT_LHV_kWhL) -> 33.005285 | BF16: =IF(D16="EV",TAT_Regen_EV*TAT_EtaPT_EV*BA16,0) -> 0 | BG16: =BC16+BD16+BE16-BF16 -> 326.63356 | BH16: =IF(D16="EV",IF(Y16="","",Y16),IF(Z16="","",Z16*TAT_LHV_kWhL)) | BI16: =IF(TAT_Cal_Apply="Yes",IF(D16="EV",TAT_CF_EV,TAT_CF_D),1) -> 1 | BJ16: =BG16*BI16 -> 326.63356 | BK16: =BJ16*3.6 -> 1175.8808 | BL16: =IF(D16="EV","",BJ16/TAT_LHV_kWhL) -> 32.754341 | BM16: =IF(D16="EV",BJ16/TAT_EtaCharger,"") | BN16: =IFERROR(BJ16/AK16,"") -> 2.2047457 | BO16: =IFERROR(AK16/BJ16,"") -> 0.45356704 | BP16: =IF(D16="EV","",IFERROR(AK16/BL16,"")) -> 4.5230714 | BQ16: =IFERROR(BB16/BJ16,"") -> 0.2153473 | BR16: =IF(D16="EV",BM16*TAT_Tariff_EV,BL16*TAT_Price_Diesel) -> 3013.3993 | BS16: =IF(D16="EV",BM16*TAT_EF_Grid,BL16*TAT_EF_Diesel) -> 87.781633 | BT16: =IFERROR(BR16/AK16,"") -> 20.340161 | BU16: =IFERROR(BS16/AK16,"") -> 0.59251774 | BV16: =IF(AND(ISNUMBER(BH16),BH16>0),BG16/BH16-1,"") | BW16: =IF(AND(AF16=1,D16="EV"),BN16,NA()) -> #N/A | BX16: =IF(AND(AF16=1,D16="Diesel"),BN16,NA()) -> #N/A
... A112: PAIR_054_ICE | B112: PAIR_054 | C112: 46298 | D112: Diesel | E112: Maduravoyal ↔ Madiwala | F112: Madiwala → Maduravoyal | G112: 0.91668981 | H112: 0 | I112: 24.316667 | J112: 2.6666667 | K112: 5.6833333 | L112: 44.466667 | M112: 32.45 | N112: 243.15 | O112: 0 | P112: 0.44236745 | Q112: 0.42826574 | R112: 0.51104472 | S112: 36.406614 | T112: 29.047823 | U112: 258.19733 | AA112: =IF(AND(D112<>"EV",D112<>"Diesel"),"Invalid vehicle",IF(COUNTIFS(Routes[Corridor],E112,Routes[Direction],F112)=0,"Unknown route",IF(C112="","Missing date",IF(SUM(O112:U112)<=0,"No distance","OK")))) -> OK | AB112: =IF(C112="","",DATE(YEAR(C112),MONTH(C112),1)) -> 46296 | AC112: =--(COUNTIFS($C$5:C112,C112,$D$5:D112,D112,$G$5:G112,G112,$F$5:F112,F112)=1) -> 0 | AD112: =--AND(AA112="OK",OR(TAT_Sel_Basis="All pair instances",AC112=1),OR(TAT_Sel_Corridor="All",E112=TAT_Sel_Corridor),OR(TAT_Sel_DirEff="All",F112=TAT_Sel_DirEff)) -> 0 | AE112: =--AND(AA112="OK",OR(TAT_Sel_Basis="All pair instances",AC112=1),OR(TAT_Sel_Month="All",TEXT(AB112,"mmm yyyy")=TAT_Sel_Month)) -> 1 | AF112: =AD112*AE112 -> 0 | AG112: =SUMIFS(Routes[Net elevation (m)],Routes[Corridor],E112,Routes[Direction],F112) -> -880 | AH112: =IF(D112="EV",TAT_Kerb_EV,TAT_Kerb_D)+IF(V112="",TAT_Pax_Default,V112)*TAT_Pax_Mass -> 14500 | AI112: =IF(X112="",IF(D112="EV",TAT_Acc_EV,TAT_Acc_D),X112) -> 0.25 | AJ112: =IF(D112="EV",TAT_AuxBase_EV,TAT_AuxBase_D)+TAT_HVAC_k*MAX(0,IF(W112="",TAT_Temp_Default,W112)-TAT_HVAC_Tset) -> 8.1 | AK112: =SUM(O112:U112) -> 325.03345 | AL112: =SUM(H112:N112)/60 -> 5.8788889 | AM112: =SUM(I112:N112)/60 -> 5.8788889 | AN112: =SUM(I112:J112)/60 -> 0.44972222 | AO112: =SUM(K112:N112)/60 -> 5.4291667 | AP112: =IFERROR(SUM(R112:U112)/AO112,0) -> 59.707656 | AQ112: =IFERROR(R112/(K112/60),0) -> 5.3951936 | AR112: =IFERROR(S112/(L112/60),0) -> 49.124367 | AS112: =IFERROR(T112/(M112/60),0) -> 53.70938 | AT112: =IFERROR(U112/(N112/60),0) -> 63.713099 | AU112: =(IF(D112="EV",TAT_Crr_EV,TAT_Crr_D)*AH112*TAT_G_acc*(AK112-T112)+IF(D112="EV",TAT_Kaero_EV,TAT_Kaero_D)*((AQ112/3.6)^2*R112+(AR112/3.6)^2*S112+(AT112/3.6)^2*U112))/3600 -> 158.43354 | AV112: =(IF(D112="EV",TAT_Crr_EV,TAT_Crr_D)*AH112*TAT_G_acc+IF(D112="EV",TAT_Kaero_EV,TAT_Kaero_D)*(AS112/3.6)^2)*T112/3600 -> 13.682146 | AW112: =AH112*AI112*S112/3600 -> 36.659438 | AX112: =AH112*TAT_G_acc*AG112/3600000 -> -34.771 | AY112: =AU112+MAX(0,AV112-AW112) -> 158.43354 | AZ112: =MAX(0,AX112)-TAT_Descent_Share*MAX(0,-AX112) -> -17.3855 | BA112: =MAX(0,AW112-AV112)+(1-TAT_Descent_Share)*MAX(0,-AX112) -> 40.362791 | BB112: =MAX(0,AY112+AW112+AZ112) -> 177.70748 | BC112: =BB112/IF(D112="EV",TAT_EtaPT_EV,TAT_EtaPT_D) -> 551.88657 | BD112: =IF(D112="EV",AJ112*AM112,AJ112*AO112/TAT_EtaEng_D) -> 125.64643 | BE112: =IF(D112="EV",0,TAT_IdleFuel_D*AN112*TAT_LHV_kWhL) -> 11.211825 | BF112: =IF(D112="EV",TAT_Regen_EV*TAT_EtaPT_EV*BA112,0) -> 0 | BG112: =BC112+BD112+BE112-BF112 -> 688.74483 | BH112: =IF(D112="EV",IF(Y112="","",Y112),IF(Z112="","",Z112*TAT_LHV_kWhL)) | BI112: =IF(TAT_Cal_Apply="Yes",IF(D112="EV",TAT_CF_EV,TAT_CF_D),1) -> 1 | BJ112: =BG112*BI112 -> 688.74483 | BK112: =BJ112*3.6 -> 2479.4814 | BL112: =IF(D112="EV","",BJ112/TAT_LHV_kWhL) -> 69.066334 | BM112: =IF(D112="EV",BJ112/TAT_EtaCharger,"") | BN112: =IFERROR(BJ112/AK112,"") -> 2.1189968 | BO112: =IFERROR(AK112/BJ112,"") -> 0.47192144 | BP112: =IF(D112="EV","",IFERROR(AK112/BL112,"")) -> 4.7061054 | BQ112: =IFERROR(BB112/BJ112,"") -> 0.25801642 | BR112: =IF(D112="EV",BM112*TAT_Tariff_EV,BL112*TAT_Price_Diesel) -> 6354.1027 | BS112: =IF(D112="EV",BM112*TAT_EF_Grid,BL112*TAT_EF_Diesel) -> 185.09777 | BT112: =IFERROR(BR112/AK112,"") -> 19.549073 | BU112: =IFERROR(BS112/AK112,"") -> 0.569473 | BV112: =IF(AND(ISNUMBER(BH112),BH112>0),BG112/BH112-1,"") | BW112: =IF(AND(AF112=1,D112="EV"),BN112,NA()) -> #N/A | BX112: =IF(AND(AF112=1,D112="Diesel"),BN112,NA()) -> #N/A

Sheet Dashboard
B2: EV and Diesel TAT and Energy Dashboard
B4: Live Excel model from the pipeline summary. EV in teal; Diesel in orange.
B5: Trip_Input'!A1 | F5: Model'!A1 | K5: Model'!A80 | Q5: 01_All_Pairs'!A1
B7: Corridor | F7: Direction | J7: Month | M7: Counting basis | Q7: Trend metric
B8: Maduravoyal ↔ Silk Board | F8: All | J8: All | M8: All pair instances | Q8: SEC (kWh/km)
B10: =IF(AND(TAT_Sel_Direction<>"All",TAT_Sel_Direction<>TAT_Sel_DirEff),"Direction is not on this corridor: showing All directions.",IF(SUM(Calc!L21:M21)=0,"No trips match the current selection.","Results use the selected trip population.")) -> Results use the selected trip population.
B12: Energy intensity · kWh/km | G12: Energy cost · INR/km | L12: CO2 intensity · kg/km | Q12: Energy saving per km
B13: =IF(AND(Calc!L21>0,Calc!M21>0),"EV "&TEXT(Calc!L33,"0.000")&" | Diesel "&TEXT(Calc!M33,"0.000"),"Comparison unavailable") -> EV 0.930 | Diesel 2.473 | G13: =IF(AND(Calc!L21>0,Calc!M21>0),"EV "&TEXT(Calc!L37,"0.00")&" | Diesel "&TEXT(Calc!M37,"0.00"),"Comparison unavailable") -> EV 9.61 | Diesel 22.81 | L13: =IF(AND(Calc!L21>0,Calc!M21>0),"EV "&TEXT(Calc!L38,"0.000")&" | Diesel "&TEXT(Calc!M38,"0.000"),"Comparison unavailable") -> EV 0.718 | Diesel 0.665 | Q13: =IF(AND(Calc!L21>0,Calc!M21>0),TEXT(Calc!L43,"0.0%"),"Comparison unavailable") -> 62.4%
B17: Cost saving per km | G17: CO2 saving per km | L17: Full TAT difference · EV minus Diesel | Q17: Charging/refuelling difference
B18: =IF(AND(Calc!L21>0,Calc!M21>0),TEXT(Calc!L44,"0.0%"),"Comparison unavailable") -> 57.9% | G18: =IF(AND(Calc!L21>0,Calc!M21>0),TEXT(Calc!L45,"0.0%"),"Comparison unavailable") -> -8.1% | L18: =IF(AND(Calc!L21>0,Calc!M21>0),TEXT(Calc!L47,"+0.00;-0.00;0.00")&" min","Comparison unavailable") -> +35.11 min | Q18: =IF(AND(Calc!L21>0,Calc!M21>0),TEXT(Calc!L39-Calc!M39,"+0.00;-0.00;0.00")&" min","Comparison unavailable") -> +29.49 min
B22: Selected fleet profile | L22: Latest table records · independent of filters
B23: Metric | E23: EV | H23: Diesel | L23: Pair | N23: Type | O23: Date | Q23: Direction | T23: SEC | U23: Check
B24: Trips | E24: =Calc!L21 -> 7 | H24: =Calc!M21 -> 7 | L24: =IF(ROWS(Trips[Trip ID])>0,INDEX(Trips[Pair ID],ROWS(Trips[Trip ID])-0),"") -> PAIR_054 | N24: =IF(ROWS(Trips[Trip ID])>0,INDEX(Trips[Bus Type],ROWS(Trips[Trip ID])-0),"") -> Diesel | O24: =IF(ROWS(Trips[Trip ID])>0,INDEX(Trips[Date],ROWS(Trips[Trip ID])-0),"") -> 46298 | Q24: =IF(ROWS(Trips[Trip ID])>0,INDEX(Trips[Direction],ROWS(Trips[Trip ID])-0),"") -> Madiwala → Maduravoyal | T24: =IF(ROWS(Trips[Trip ID])>0,INDEX(Trips[SEC (kWh/km)],ROWS(Trips[Trip ID])-0),"") -> 2.1189968 | U24: =IF(ROWS(Trips[Trip ID])>0,INDEX(Trips[Data check],ROWS(Trips[Trip ID])-0),"") -> OK
B25: Distance · km | E25: =IF(Calc!L21>0,Calc!L22,"") -> 2151.3212 | H25: =IF(Calc!M21>0,Calc!M22,"") -> 2164.4612 | L25: =IF(ROWS(Trips[Trip ID])>1,INDEX(Trips[Pair ID],ROWS(Trips[Trip ID])-1),"") -> PAIR_054 | N25: =IF(ROWS(Trips[Trip ID])>1,INDEX(Trips[Bus Type],ROWS(Trips[Trip ID])-1),"") -> EV | O25: =IF(ROWS(Trips[Trip ID])>1,INDEX(Trips[Date],ROWS(Trips[Trip ID])-1),"") -> 46298 | Q25: =IF(ROWS(Trips[Trip ID])>1,INDEX(Trips[Direction],ROWS(Trips[Trip ID])-1),"") -> Madiwala → Maduravoyal | T25: =IF(ROWS(Trips[Trip ID])>1,INDEX(Trips[SEC (kWh/km)],ROWS(Trips[Trip ID])-1),"") -> 0.88590385 | U25: =IF(ROWS(Trips[Trip ID])>1,INDEX(Trips[Data check],ROWS(Trips[Trip ID])-1),"") -> OK
B26: Energy · kWh equivalent | E26: =IF(Calc!L21>0,Calc!L23,"") -> 2001.7465 | H26: =IF(Calc!M21>0,Calc!M23,"") -> 5352.0533 | L26: =IF(ROWS(Trips[Trip ID])>2,INDEX(Trips[Pair ID],ROWS(Trips[Trip ID])-2),"") -> PAIR_053 | N26: =IF(ROWS(Trips[Trip ID])>2,INDEX(Trips[Bus Type],ROWS(Trips[Trip ID])-2),"") -> Diesel | O26: =IF(ROWS(Trips[Trip ID])>2,INDEX(Trips[Date],ROWS(Trips[Trip ID])-2),"") -> 46297 | Q26: =IF(ROWS(Trips[Trip ID])>2,INDEX(Trips[Direction],ROWS(Trips[Trip ID])-2),"") -> Maduravoyal → Madiwala | T26: =IF(ROWS(Trips[Trip ID])>2,INDEX(Trips[SEC (kWh/km)],ROWS(Trips[Trip ID])-2),"") -> 2.7018004 | U26: =IF(ROWS(Trips[Trip ID])>2,INDEX(Trips[Data check],ROWS(Trips[Trip ID])-2),"") -> OK
B27: Efficiency · km/kWh | E27: =IF(Calc!L21>0,Calc!L34,"") -> 1.0747221 | H27: =IF(Calc!M21>0,Calc!M34,"") -> 0.40441698 | L27: =IF(ROWS(Trips[Trip ID])>3,INDEX(Trips[Pair ID],ROWS(Trips[Trip ID])-3),"") -> PAIR_053 | N27: =IF(ROWS(Trips[Trip ID])>3,INDEX(Trips[Bus Type],ROWS(Trips[Trip ID])-3),"") -> EV | O27: =IF(ROWS(Trips[Trip ID])>3,INDEX(Trips[Date],ROWS(Trips[Trip ID])-3),"") -> 46297 | Q27: =IF(ROWS(Trips[Trip ID])>3,INDEX(Trips[Direction],ROWS(Trips[Trip ID])-3),"") -> Maduravoyal → Madiwala | T27: =IF(ROWS(Trips[Trip ID])>3,INDEX(Trips[SEC (kWh/km)],ROWS(Trips[Trip ID])-3),"") -> 1.1200742 | U27: =IF(ROWS(Trips[Trip ID])>3,INDEX(Trips[Data check],ROWS(Trips[Trip ID])-3),"") -> OK
B28: Diesel economy · km/L | E28: =IF(Calc!L21>0,Calc!L35,"") | H28: =IF(Calc!M21>0,Calc!M35,"") -> 4.032936 | L28: =IF(ROWS(Trips[Trip ID])>4,INDEX(Trips[Pair ID],ROWS(Trips[Trip ID])-4),"") -> PAIR_052 | N28: =IF(ROWS(Trips[Trip ID])>4,INDEX(Trips[Bus Type],ROWS(Trips[Trip ID])-4),"") -> Diesel | O28: =IF(ROWS(Trips[Trip ID])>4,INDEX(Trips[Date],ROWS(Trips[Trip ID])-4),"") -> 46291 | Q28: =IF(ROWS(Trips[Trip ID])>4,INDEX(Trips[Direction],ROWS(Trips[Trip ID])-4),"") -> Pondicherry → Chennai | T28: =IF(ROWS(Trips[Trip ID])>4,INDEX(Trips[SEC (kWh/km)],ROWS(Trips[Trip ID])-4),"") -> 2.330605 | U28: =IF(ROWS(Trips[Trip ID])>4,INDEX(Trips[Data check],ROWS(Trips[Trip ID])-4),"") -> OK
B29: Average trip · min | E29: =IF(Calc!L21>0,Calc!L40*60,"") -> 354.06896 | H29: =IF(Calc!M21>0,Calc!M40*60,"") -> 318.95671 | L29: =IF(ROWS(Trips[Trip ID])>5,INDEX(Trips[Pair ID],ROWS(Trips[Trip ID])-5),"") -> PAIR_052 | N29: =IF(ROWS(Trips[Trip ID])>5,INDEX(Trips[Bus Type],ROWS(Trips[Trip ID])-5),"") -> EV | O29: =IF(ROWS(Trips[Trip ID])>5,INDEX(Trips[Date],ROWS(Trips[Trip ID])-5),"") -> 46291 | Q29: =IF(ROWS(Trips[Trip ID])>5,INDEX(Trips[Direction],ROWS(Trips[Trip ID])-5),"") -> Pondicherry → Chennai | T29: =IF(ROWS(Trips[Trip ID])>5,INDEX(Trips[SEC (kWh/km)],ROWS(Trips[Trip ID])-5),"") -> 0.9744672 | U29: =IF(ROWS(Trips[Trip ID])>5,INDEX(Trips[Data check],ROWS(Trips[Trip ID])-5),"") -> OK
B30: Average charging/refuel · min | E30: =IF(Calc!L21>0,Calc!L39,"") -> 29.488095 | H30: =IF(Calc!M21>0,Calc!M39,"") -> 0 | L30: =IF(ROWS(Trips[Trip ID])>6,INDEX(Trips[Pair ID],ROWS(Trips[Trip ID])-6),"") -> PAIR_051 | N30: =IF(ROWS(Trips[Trip ID])>6,INDEX(Trips[Bus Type],ROWS(Trips[Trip ID])-6),"") -> Diesel | O30: =IF(ROWS(Trips[Trip ID])>6,INDEX(Trips[Date],ROWS(Trips[Trip ID])-6),"") -> 46290 | Q30: =IF(ROWS(Trips[Trip ID])>6,INDEX(Trips[Direction],ROWS(Trips[Trip ID])-6),"") -> Chennai → Pondicherry | T30: =IF(ROWS(Trips[Trip ID])>6,INDEX(Trips[SEC (kWh/km)],ROWS(Trips[Trip ID])-6),"") -> 2.4438758 | U30: =IF(ROWS(Trips[Trip ID])>6,INDEX(Trips[Data check],ROWS(Trips[Trip ID])-6),"") -> OK
B31: Operating speed · km/h | E31: =IF(Calc!L21>0,Calc!L42,"") -> 56.811408 | H31: =IF(Calc!M21>0,Calc!M42,"") -> 58.166278 | L31: =IF(ROWS(Trips[Trip ID])>7,INDEX(Trips[Pair ID],ROWS(Trips[Trip ID])-7),"") -> PAIR_051 | N31: =IF(ROWS(Trips[Trip ID])>7,INDEX(Trips[Bus Type],ROWS(Trips[Trip ID])-7),"") -> EV | O31: =IF(ROWS(Trips[Trip ID])>7,INDEX(Trips[Date],ROWS(Trips[Trip ID])-7),"") -> 46290 | Q31: =IF(ROWS(Trips[Trip ID])>7,INDEX(Trips[Direction],ROWS(Trips[Trip ID])-7),"") -> Chennai → Pondicherry | T31: =IF(ROWS(Trips[Trip ID])>7,INDEX(Trips[SEC (kWh/km)],ROWS(Trips[Trip ID])-7),"") -> 0.97394186 | U31: =IF(ROWS(Trips[Trip ID])>7,INDEX(Trips[Data check],ROWS(Trips[Trip ID])-7),"") -> OK
B32: Wheel / consumed energy | E32: =IF(Calc!L21>0,Calc!L36,"") -> 0.77479928 | H32: =IF(Calc!M21>0,Calc!M36,"") -> 0.26986467 | L32: =IF(ROWS(Trips[Trip ID])>8,INDEX(Trips[Pair ID],ROWS(Trips[Trip ID])-8),"") -> PAIR_050 | N32: =IF(ROWS(Trips[Trip ID])>8,INDEX(Trips[Bus Type],ROWS(Trips[Trip ID])-8),"") -> Diesel | O32: =IF(ROWS(Trips[Trip ID])>8,INDEX(Trips[Date],ROWS(Trips[Trip ID])-8),"") -> 46285 | Q32: =IF(ROWS(Trips[Trip ID])>8,INDEX(Trips[Direction],ROWS(Trips[Trip ID])-8),"") -> Madiwala → Maduravoyal | T32: =IF(ROWS(Trips[Trip ID])>8,INDEX(Trips[SEC (kWh/km)],ROWS(Trips[Trip ID])-8),"") -> 2.4001549 | U32: =IF(ROWS(Trips[Trip ID])>8,INDEX(Trips[Data check],ROWS(Trips[Trip ID])-8),"") -> OK
L33: =IF(ROWS(Trips[Trip ID])>9,INDEX(Trips[Pair ID],ROWS(Trips[Trip ID])-9),"") -> PAIR_050 | N33: =IF(ROWS(Trips[Trip ID])>9,INDEX(Trips[Bus Type],ROWS(Trips[Trip ID])-9),"") -> EV | O33: =IF(ROWS(Trips[Trip ID])>9,INDEX(Trips[Date],ROWS(Trips[Trip ID])-9),"") -> 46298 | Q33: =IF(ROWS(Trips[Trip ID])>9,INDEX(Trips[Direction],ROWS(Trips[Trip ID])-9),"") -> Madiwala → Maduravoyal | T33: =IF(ROWS(Trips[Trip ID])>9,INDEX(Trips[SEC (kWh/km)],ROWS(Trips[Trip ID])-9),"") -> 0.88526971 | U33: =IF(ROWS(Trips[Trip ID])>9,INDEX(Trips[Data check],ROWS(Trips[Trip ID])-9),"") -> OK
B35: ="Source rows: "&ROWS(Trips[Trip ID])&" | Latest date: "&TEXT(MAX(Trips[Date]),"dd-mmm-yyyy")&" | Failed checks: "&COUNTIF(Trips[Data check],"<>OK")&" | Measured trips EV/Diesel: "&Calc!L48&"/"&Calc!M48&" | Calibration factors: "&TEXT(TAT_CF_EV,"0.000")&"/"&TEXT(TAT_CF_D,"0.000") -> Source rows: 108 | Latest date: 03-Oct-2026 | Failed checks: 0 | Measured trips EV/Diesel: 0/0 | Calibration factors: 1.000/1.000
B102: Negative saving means EV is higher. Full TAT difference includes all phases. Energy uses editable assumptions. Sensitivity is approximate. * marks the EV default acceleration.

Sheet 00_Index
A1: EV–ICE TAT Master Summary
A3: Generated | B3: 06-10-2026 23:20:45 | F3: Workbook Structure
A4: Total Pairs | B4: 54 | F4: 01_All_Pairs | G4: All 54 INTERCITY pair-level tables + charts
A5: INTERCITY Pairs | B5: 54 | F5: 02_INTERCITY | G5: All INTERCITY pair-level tables + charts
A6: Same-Day Pairs | B6: 13 | F6: 03_Same_Day_All | G6: All same-calendar-day INTERCITY pair tables + charts
A7: Different-Day / Similar-Time Pairs | B7: 15 | F7: 04_Same_Day_INTERCITY | G7: Same-calendar-day INTERCITY pair tables + charts
F8: 05_Diff_Day_Time_All | G8: Different-day INTERCITY pairs within 2 hours
F9: 06_Diff_Day_Time_INTERCITY | G9: Different-day INTERCITY pairs within 2 hours
A10: Route-wise Pair Index | F10: Route-group sheets | G10: One complete set of three tables + charts for every INTERCITY route group; both directions are retained together
F11: Route-direction sheets | G11: One complete set of three tables + charts for every INTERCITY direction, such as Chennai → Pondicherry
A13: Category | B13: Route | C13: Pair Count | D13: Route Sheet
A14: INTERCITY | B14: Chennai ↔ Pondicherry | C14: 32 | D14: R01_Chennai_Pondicherry
A15: INTERCITY | B15: Madhuravoyal to Madiwala | C15: 6 | D15: R02_Madhuravoyal_to_Madiwala
A16: INTERCITY | B16: Madiwala to Madhuravoyal | C16: 9 | D16: R03_Madiwala_to_Madhuravoyal
A17: INTERCITY | B17: Maduravoyal ↔ Silk Board | C17: 7 | D17: R04_Maduravoyal_Silk_Board
A21: Route-Direction + Pair-Class Sheet Index
A24: Direction | B24: Pair Class | C24: Pair Count | D24: Sheet
A25: Chennai → Pondicherry | B25: STRICT | C25: 4 | D25: D01_Chennai_to_Pondicherry_STRI
A26: Chennai → Pondicherry | B26: NONSTRICT | C26: 12 | D26: D02_Chennai_to_Pondicherry_NONS
A27: Madhuravoyal to Madiwala | B27: STRICT | C27: 2 | D27: D03_Madhuravoyal_to_Madiwala_ST
A28: Madhuravoyal to Madiwala | B28: NONSTRICT | C28: 4 | D28: D04_Madhuravoyal_to_Madiwala_NO
A29: Madiwala to Madhuravoyal | B29: STRICT | C29: 3 | D29: D05_Madiwala_to_Madhuravoyal_ST
A30: Madiwala to Madhuravoyal | B30: NONSTRICT | C30: 6 | D30: D06_Madiwala_to_Madhuravoyal_NO
A31: Maduravoyal → Silk Board | B31: NONSTRICT | C31: 2 | D31: D07_Maduravoyal_to_Silk_Board_N
A32: Pondicherry → Chennai | B32: STRICT | C32: 4 | D32: D08_Pondicherry_to_Chennai_STRI
A33: Pondicherry → Chennai | B33: NONSTRICT | C33: 12 | D33: D09_Pondicherry_to_Chennai_NONS
A34: Silk Board → Maduravoyal | B34: STRICT | C34: 1 | D34: D10_Silk_Board_to_Maduravoyal_S
A35: Silk Board → Maduravoyal | B35: NONSTRICT | C35: 4 | D35: D11_Silk_Board_to_Maduravoyal_N

Sheet 01_All_Pairs
A1: Table 1: ALL PAIRS - EV vs ICE Trip Summary
A4: Pair | B4: Pair ID | C4: Pair Class | D4: Category | E4: Route Group | F4: Trips | G4: EV Date | H4: ICE Date | I4: EV Distance (km) | J4: ICE Distance (km) | K4: EV TAT (min) | L4: ICE TAT (min) | M4: EV Start Time | N4: EV End Time | O4: ICE Start Time | P4: ICE End Time | Q4: EV Moving Avg Speed (km/h) | R4: ICE Moving Avg Speed (km/h)
A5: 1 | B5: PAIR_001 | C5: NONSTRICT | D5: INTERCITY | E5: Maduravoyal ↔ Silk Board | F5: SilkBoard to Madhuravoyal | G5: 05-07-2026 | H5: 29-07-2026 | I5: 305.16659 | J5: 310.47424 | K5: 343.8404 | L5: 311.50752 | M5: 08:36:08 | N5: 14:19:59 | O5: 22:58:13 | P5: 04:09:43 | Q5: 69.111541 | R5: 63.460768
A6: 2 | B6: PAIR_002 | C6: NONSTRICT | D6: INTERCITY | E6: Maduravoyal ↔ Silk Board | F6: SilkBoard to Madhuravoyal | G6: 05-07-2026 | H6: 05-09-2026 | I6: 305.10728 | J6: 305.21608 | K6: 343.8404 | L6: 299.01822 | M6: 08:36:08 | N6: 14:19:59 | O6: 23:15:55 | P6: 04:14:56 | Q6: 69.098087 | R6: 66.422256
A7: 3 | B7: PAIR_003 | C7: NONSTRICT | D7: INTERCITY | E7: Maduravoyal ↔ Silk Board | F7: Madhuravoyal to SilkBoard | G7: 10-07-2026 | H7: 31-07-2026 | I7: 320.33951 | J7: 320.68902 | K7: 345.61667 | L7: 358.39743 | M7: 00:24:16 | N7: 06:09:53 | O7: 23:25:13 | P7: 05:23:37 | Q7: 64.616757 | R7: 59.679116
A8: 4 | B8: PAIR_004 | C8: STRICT | D8: INTERCITY | E8: Chennai ↔ Pondicherry | F8: Chennai to Pondicherry | G8: 15-07-2026 | H8: 15-07-2026 | I8: 148.19877 | J8: 148.12542 | K8: 240.44363 | L8: 274.35 | M8: 09:22:41 | N8: 13:23:07 | O8: 11:20:23 | P8: 15:54:44 | Q8: 42.808106 | R8: 44.784536
A9: 5 | B9: PAIR_005 | C9: NONSTRICT | D9: INTERCITY | E9: Chennai ↔ Pondicherry | F9: Chennai to Pondicherry | G9: 15-07-2026 | H9: 17-07-2026 | I9: 141.622 | J9: 141.6711 | K9: 209.59192 | L9: 221.15 | M9: 09:56:19 | N9: 13:25:55 | O9: 11:43:51 | P9: 15:25:00 | Q9: 47.253842 | R9: 44.821614
A10: 6 | B10: PAIR_006 | C10: NONSTRICT | D10: INTERCITY | E10: Chennai ↔ Pondicherry | F10: Chennai to Pondicherry | G10: 17-07-2026 | H10: 15-07-2026 | I10: 148.20841 | J10: 148.15022 | K10: 221.51708 | L10: 274.35 | M10: 07:51:32 | N10: 11:33:03 | O10: 11:20:23 | P10: 15:54:44 | Q10: 49.306618 | R10: 44.79217
A11: 7 | B11: PAIR_007 | C11: NONSTRICT | D11: INTERCITY | E11: Chennai ↔ Pondicherry | F11: Chennai to Pondicherry | G11: 15-07-2026 | H11: 19-07-2026 | I11: 146.11036 | J11: 146.19417 | K11: 232.89157 | L11: 269.21667 | M11: 09:38:15 | N11: 13:31:09 | O11: 11:08:45 | P11: 15:37:58 | Q11: 44.761539 | R11: 44.849028
A12: 8 | B12: PAIR_008 | C12: NONSTRICT | D12: INTERCITY | E12: Chennai ↔ Pondicherry | F12: Chennai to Pondicherry | G12: 19-07-2026 | H12: 15-07-2026 | I12: 147.80638 | J12: 147.73471 | K12: 199.78013 | L12: 272.70877 | M12: 09:10:36 | N12: 12:30:22 | O12: 11:22:01 | P12: 15:54:44 | Q12: 48.109431 | R12: 45.043541
A13: 9 | B13: PAIR_009 | C13: NONSTRICT | D13: INTERCITY | E13: Chennai ↔ Pondicherry | F13: Chennai to Pondicherry | G13: 15-07-2026 | H13: 25-09-2026 | I13: 153.53484 | J13: 153.55266 | K13: 299.5047 | L13: 285.56667 | M13: 08:26:24 | N13: 13:25:55 | O13: 14:27:10 | P13: 19:12:44 | Q13: 41.136903 | R13: 41.353121
A14: 10 | B14: PAIR_010 | C14: NONSTRICT | D14: INTERCITY | E14: Chennai ↔ Pondicherry | F14: Chennai to Pondicherry | G14: 25-09-2026 | H14: 15-07-2026 | I14: 148.40811 | J14: 148.16934 | K14: 247.26765 | L14: 274.35 | M14: 13:45:53 | N14: 17:53:09 | O14: 11:20:23 | P14: 15:54:44 | Q14: 47.637753 | R14: 44.798057
A15: 11 | B15: PAIR_011 | C15: STRICT | D15: INTERCITY | E15: Chennai ↔ Pondicherry | F15: Pondicherry to Chennai | G15: 16-07-2026 | H15: 16-07-2026 | I15: 143.67833 | J15: 143.7061 | K15: 241.37365 | L15: 241.61577 | M15: 14:16:16 | N15: 18:17:39 | O15: 16:37:54 | P15: 20:39:30 | Q15: 44.633873 | R15: 42.341884
A16: 12 | B16: PAIR_012 | C16: NONSTRICT | D16: INTERCITY | E16: Chennai ↔ Pondicherry | F16: Pondicherry to Chennai | G16: 16-07-2026 | H16: 18-07-2026 | I16: 136.6907 | J16: 137.90706 | K16: 199.88373 | L16: 231.88333 | M16: 14:16:16 | N16: 17:36:09 | O16: 16:20:34 | P16: 20:12:27 | Q16: 48.732283 | R16: 40.295521
... A58: 54 | B58: PAIR_054 | C58: STRICT | D58: INTERCITY | E58: Madiwala to Madhuravoyal | F58: Madiwala to Madhuravoyal | G58: 03-10-2026 | H58: 03-10-2026 | I58: 324.46951 | J58: 325.03345 | K58: 417.36547 | L58: 352.73333 | M58: 21:59:13 | N58: 04:56:35 | O58: 22:00:02 | P58: 03:52:46 | Q58: 64.215413 | R58: 59.707656
A61: Table 2: ALL PAIRS - Phase Time Comparison (min)
A64: Pair | B64: Pair ID | C64: Vehicle | D64: Category | E64: Route Group | F64: Trips | G64: CHARGING / REFUELING | H64: STOP | I64: IDLE | J64: INCHING | K64: ACC | L64: DEC | M64: CRUISE
A65: 1 | B65: PAIR_001 | C65: EV | D65: INTERCITY | E65: Maduravoyal ↔ Silk Board | F65: SilkBoard to Madhuravoyal | G65: 30 | H65: 23.65 | I65: 25.7 | J65: 7.6 | K65: 61.423733 | L65: 45.183333 | M65: 150.28333
A66: 1 | B66: PAIR_001 | C66: ICE | D66: INTERCITY | E66: Maduravoyal ↔ Silk Board | F66: SilkBoard to Madhuravoyal | G66: 0 | H66: 18.1 | I66: 0.066666667 | J66: 1.75 | K66: 57.69085 | L66: 41.383333 | M66: 192.51667
A67: 2 | B67: PAIR_002 | C67: EV | D67: INTERCITY | E67: Maduravoyal ↔ Silk Board | F67: SilkBoard to Madhuravoyal | G67: 30 | H67: 23.65 | I67: 25.7 | J67: 7.6 | K67: 61.423733 | L67: 45.183333 | M67: 150.28333
A68: 2 | B68: PAIR_002 | C68: ICE | D68: INTERCITY | E68: Maduravoyal ↔ Silk Board | F68: SilkBoard to Madhuravoyal | G68: 0 | H68: 16.433333 | I68: 6.9833333 | J68: 5 | K68: 60.018217 | L68: 42.633333 | M68: 167.95
A69: 3 | B69: PAIR_003 | C69: EV | D69: INTERCITY | E69: Maduravoyal ↔ Silk Board | F69: Madhuravoyal to SilkBoard | G69: 38.333333 | H69: 10.566667 | I69: 0 | J69: 0.66666667 | K69: 49.316667 | L69: 44.583333 | M69: 202.15
A70: 3 | B70: PAIR_003 | C70: ICE | D70: INTERCITY | E70: Maduravoyal ↔ Silk Board | F70: Madhuravoyal to SilkBoard | G70: 0 | H70: 35.983333 | I70: 0.35 | J70: 4.0833333 | K70: 62.08705 | L70: 50.533333 | M70: 205.36038
A71: 4 | B71: PAIR_004 | C71: EV | D71: INTERCITY | E71: Chennai ↔ Pondicherry | F71: Chennai to Pondicherry | G71: 0 | H71: 25.883333 | I71: 8.15 | J71: 8.0166667 | K71: 55.883333 | L71: 40.116667 | M71: 102.39363
A72: 4 | B72: PAIR_004 | C72: ICE | D72: INTERCITY | E72: Chennai ↔ Pondicherry | F72: Chennai to Pondicherry | G72: 0 | H72: 69.483333 | I72: 9.95 | J72: 1.7166667 | K72: 25.133333 | L72: 23.433333 | M72: 144.63333
A73: 5 | B73: PAIR_005 | C73: EV | D73: INTERCITY | E73: Chennai ↔ Pondicherry | F73: Chennai to Pondicherry | G73: 0 | H73: 25.883333 | I73: 4.9333333 | J73: 5.9333333 | K73: 52.333333 | L73: 37.574967 | M73: 82.933617
A74: 5 | B74: PAIR_005 | C74: ICE | D74: INTERCITY | E74: Chennai ↔ Pondicherry | F74: Chennai to Pondicherry | G74: 0 | H74: 31.8 | I74: 0 | J74: 1.5 | K74: 30.466667 | L74: 23 | M74: 134.38333
A75: 6 | B75: PAIR_006 | C75: EV | D75: INTERCITY | E75: Chennai ↔ Pondicherry | F75: Chennai to Pondicherry | G75: 0 | H75: 30.183333 | I75: 14.291517 | J75: 2.1 | K75: 48.092233 | L75: 33.45 | M75: 93.4
A76: 6 | B76: PAIR_006 | C76: ICE | D76: INTERCITY | E76: Chennai ↔ Pondicherry | F76: Chennai to Pondicherry | G76: 0 | H76: 69.483333 | I76: 9.95 | J76: 1.7166667 | K76: 25.133333 | L76: 23.433333 | M76: 144.63333
... A172: 54 | B172: PAIR_054 | C172: ICE | D172: INTERCITY | E172: Madiwala to Madhuravoyal | F172: Madiwala to Madhuravoyal | G172: 0 | H172: 24.316667 | I172: 2.6666667 | J172: 5.6833333 | K172: 44.466667 | L172: 32.45 | M172: 243.15
A175: Table 3: ALL PAIRS - Phase Distance Comparison (km)
A178: Pair | B178: Pair ID | C178: Vehicle | D178: Category | E178: Route Group | F178: Trips | G178: CHARGING / REFUELING | H178: STOP | I178: IDLE | J178: INCHING | K178: ACC | L178: DEC | M178: CRUISE
A179: 1 | B179: PAIR_001 | C179: EV | D179: INTERCITY | E179: Maduravoyal ↔ Silk Board | F179: SilkBoard to Madhuravoyal | G179: 0.31331323 | H179: 0.041652319 | I179: 0.15596841 | J179: 0.4492738 | K179: 60.308697 | L179: 44.619089 | M179: 199.27859
A180: 1 | B180: PAIR_001 | C180: ICE | D180: INTERCITY | E180: Maduravoyal ↔ Silk Board | F180: SilkBoard to Madhuravoyal | G180: 0 | H180: 0.2136487 | I180: 0 | J180: 0.30731282 | K180: 55.580882 | L180: 38.886325 | M180: 215.48607
A181: 2 | B181: PAIR_002 | C181: EV | D181: INTERCITY | E181: Maduravoyal ↔ Silk Board | F181: SilkBoard to Madhuravoyal | G181: 0.31331323 | H181: 0.041652319 | I181: 0.15596841 | J181: 0.4492738 | K181: 60.301496 | L181: 44.619089 | M181: 199.22648
A182: 2 | B182: PAIR_002 | C182: ICE | D182: INTERCITY | E182: Maduravoyal ↔ Silk Board | F182: SilkBoard to Madhuravoyal | G182: 0 | H182: 0.083882197 | I182: 0.03091496 | J182: 0.23093108 | K182: 57.928894 | L182: 43.162925 | M182: 203.77853
A183: 3 | B183: PAIR_003 | C183: EV | D183: INTERCITY | E183: Maduravoyal ↔ Silk Board | F183: Madhuravoyal to SilkBoard | G183: 0.3220724 | H183: 0.46962669 | I183: 0 | J183: 0.2646788 | K183: 46.828639 | L183: 41.95381 | M183: 230.50068
A184: 3 | B184: PAIR_003 | C184: ICE | D184: INTERCITY | E184: Maduravoyal ↔ Silk Board | F184: Madhuravoyal to SilkBoard | G184: 0 | H184: 0.34734042 | I184: 0 | J184: 0.4374014 | K184: 58.410381 | L184: 47.464359 | M184: 214.02954
A185: 4 | B185: PAIR_004 | C185: EV | D185: INTERCITY | E185: Chennai ↔ Pondicherry | F185: Chennai to Pondicherry | G185: 0 | H185: 0.35568686 | I185: 0.57585003 | J185: 0.6265752 | K185: 44.777395 | L185: 31.03077 | M185: 70.832492
A186: 4 | B186: PAIR_004 | C186: ICE | D186: INTERCITY | E186: Chennai ↔ Pondicherry | F186: Chennai to Pondicherry | G186: 0 | H186: 0.83987814 | I186: 1.7979996 | J186: 0.57590785 | K186: 16.043683 | L186: 16.779597 | M186: 112.08835
A187: 5 | B187: PAIR_005 | C187: EV | D187: INTERCITY | E187: Chennai ↔ Pondicherry | F187: Chennai to Pondicherry | G187: 0 | H187: 0.35568686 | I187: 0.46935935 | J187: 0.35650575 | K187: 43.251328 | L187: 30.282042 | M187: 66.907082
A188: 5 | B188: PAIR_005 | C188: ICE | D188: INTERCITY | E188: Chennai ↔ Pondicherry | F188: Chennai to Pondicherry | G188: 0 | H188: 0.2215609 | I188: 0 | J188: 0.11647474 | K188: 21.522287 | L188: 17.072623 | M188: 102.73816
A189: 6 | B189: PAIR_006 | C189: EV | D189: INTERCITY | E189: Chennai ↔ Pondicherry | F189: Chennai to Pondicherry | G189: 0 | H189: 0.38306582 | I189: 2.3361161 | J189: 0.20461421 | K189: 38.63607 | L189: 26.286683 | M189: 80.361863
A190: 6 | B190: PAIR_006 | C190: ICE | D190: INTERCITY | E190: Chennai ↔ Pondicherry | F190: Chennai to Pondicherry | G190: 0 | H190: 0.83987814 | I190: 1.7979996 | J190: 0.57590785 | K190: 16.043683 | L190: 16.779597 | M190: 112.11315
... A286: 54 | B286: PAIR_054 | C286: ICE | D286: INTERCITY | E286: Madiwala to Madhuravoyal | F286: Madiwala to Madhuravoyal | G286: 0 | H286: 0.44236745 | I286: 0.42826574 | J286: 0.51104472 | K286: 36.406614 | L286: 29.047823 | M286: 258.19733

Sheet 02_INTERCITY
A1: Table 1: INTERCITY - EV vs ICE Trip Summary
A4: Pair | B4: Pair ID | C4: Pair Class | D4: Category | E4: Route Group | F4: Trips | G4: EV Date | H4: ICE Date | I4: EV Distance (km) | J4: ICE Distance (km) | K4: EV TAT (min) | L4: ICE TAT (min) | M4: EV Start Time | N4: EV End Time | O4: ICE Start Time | P4: ICE End Time | Q4: EV Moving Avg Speed (km/h) | R4: ICE Moving Avg Speed (km/h)
A5: 1 | B5: PAIR_001 | C5: NONSTRICT | D5: INTERCITY | E5: Maduravoyal ↔ Silk Board | F5: SilkBoard to Madhuravoyal | G5: 05-07-2026 | H5: 29-07-2026 | I5: 305.16659 | J5: 310.47424 | K5: 343.8404 | L5: 311.50752 | M5: 08:36:08 | N5: 14:19:59 | O5: 22:58:13 | P5: 04:09:43 | Q5: 69.111541 | R5: 63.460768
A6: 2 | B6: PAIR_002 | C6: NONSTRICT | D6: INTERCITY | E6: Maduravoyal ↔ Silk Board | F6: SilkBoard to Madhuravoyal | G6: 05-07-2026 | H6: 05-09-2026 | I6: 305.10728 | J6: 305.21608 | K6: 343.8404 | L6: 299.01822 | M6: 08:36:08 | N6: 14:19:59 | O6: 23:15:55 | P6: 04:14:56 | Q6: 69.098087 | R6: 66.422256
A7: 3 | B7: PAIR_003 | C7: NONSTRICT | D7: INTERCITY | E7: Maduravoyal ↔ Silk Board | F7: Madhuravoyal to SilkBoard | G7: 10-07-2026 | H7: 31-07-2026 | I7: 320.33951 | J7: 320.68902 | K7: 345.61667 | L7: 358.39743 | M7: 00:24:16 | N7: 06:09:53 | O7: 23:25:13 | P7: 05:23:37 | Q7: 64.616757 | R7: 59.679116
A8: 4 | B8: PAIR_004 | C8: STRICT | D8: INTERCITY | E8: Chennai ↔ Pondicherry | F8: Chennai to Pondicherry | G8: 15-07-2026 | H8: 15-07-2026 | I8: 148.19877 | J8: 148.12542 | K8: 240.44363 | L8: 274.35 | M8: 09:22:41 | N8: 13:23:07 | O8: 11:20:23 | P8: 15:54:44 | Q8: 42.808106 | R8: 44.784536
A9: 5 | B9: PAIR_005 | C9: NONSTRICT | D9: INTERCITY | E9: Chennai ↔ Pondicherry | F9: Chennai to Pondicherry | G9: 15-07-2026 | H9: 17-07-2026 | I9: 141.622 | J9: 141.6711 | K9: 209.59192 | L9: 221.15 | M9: 09:56:19 | N9: 13:25:55 | O9: 11:43:51 | P9: 15:25:00 | Q9: 47.253842 | R9: 44.821614
A10: 6 | B10: PAIR_006 | C10: NONSTRICT | D10: INTERCITY | E10: Chennai ↔ Pondicherry | F10: Chennai to Pondicherry | G10: 17-07-2026 | H10: 15-07-2026 | I10: 148.20841 | J10: 148.15022 | K10: 221.51708 | L10: 274.35 | M10: 07:51:32 | N10: 11:33:03 | O10: 11:20:23 | P10: 15:54:44 | Q10: 49.306618 | R10: 44.79217
A11: 7 | B11: PAIR_007 | C11: NONSTRICT | D11: INTERCITY | E11: Chennai ↔ Pondicherry | F11: Chennai to Pondicherry | G11: 15-07-2026 | H11: 19-07-2026 | I11: 146.11036 | J11: 146.19417 | K11: 232.89157 | L11: 269.21667 | M11: 09:38:15 | N11: 13:31:09 | O11: 11:08:45 | P11: 15:37:58 | Q11: 44.761539 | R11: 44.849028
A12: 8 | B12: PAIR_008 | C12: NONSTRICT | D12: INTERCITY | E12: Chennai ↔ Pondicherry | F12: Chennai to Pondicherry | G12: 19-07-2026 | H12: 15-07-2026 | I12: 147.80638 | J12: 147.73471 | K12: 199.78013 | L12: 272.70877 | M12: 09:10:36 | N12: 12:30:22 | O12: 11:22:01 | P12: 15:54:44 | Q12: 48.109431 | R12: 45.043541
A13: 9 | B13: PAIR_009 | C13: NONSTRICT | D13: INTERCITY | E13: Chennai ↔ Pondicherry | F13: Chennai to Pondicherry | G13: 15-07-2026 | H13: 25-09-2026 | I13: 153.53484 | J13: 153.55266 | K13: 299.5047 | L13: 285.56667 | M13: 08:26:24 | N13: 13:25:55 | O13: 14:27:10 | P13: 19:12:44 | Q13: 41.136903 | R13: 41.353121
A14: 10 | B14: PAIR_010 | C14: NONSTRICT | D14: INTERCITY | E14: Chennai ↔ Pondicherry | F14: Chennai to Pondicherry | G14: 25-09-2026 | H14: 15-07-2026 | I14: 148.40811 | J14: 148.16934 | K14: 247.26765 | L14: 274.35 | M14: 13:45:53 | N14: 17:53:09 | O14: 11:20:23 | P14: 15:54:44 | Q14: 47.637753 | R14: 44.798057
A15: 11 | B15: PAIR_011 | C15: STRICT | D15: INTERCITY | E15: Chennai ↔ Pondicherry | F15: Pondicherry to Chennai | G15: 16-07-2026 | H15: 16-07-2026 | I15: 143.67833 | J15: 143.7061 | K15: 241.37365 | L15: 241.61577 | M15: 14:16:16 | N15: 18:17:39 | O15: 16:37:54 | P15: 20:39:30 | Q15: 44.633873 | R15: 42.341884
A16: 12 | B16: PAIR_012 | C16: NONSTRICT | D16: INTERCITY | E16: Chennai ↔ Pondicherry | F16: Pondicherry to Chennai | G16: 16-07-2026 | H16: 18-07-2026 | I16: 136.6907 | J16: 137.90706 | K16: 199.88373 | L16: 231.88333 | M16: 14:16:16 | N16: 17:36:09 | O16: 16:20:34 | P16: 20:12:27 | Q16: 48.732283 | R16: 40.295521
... A58: 54 | B58: PAIR_054 | C58: STRICT | D58: INTERCITY | E58: Madiwala to Madhuravoyal | F58: Madiwala to Madhuravoyal | G58: 03-10-2026 | H58: 03-10-2026 | I58: 324.46951 | J58: 325.03345 | K58: 417.36547 | L58: 352.73333 | M58: 21:59:13 | N58: 04:56:35 | O58: 22:00:02 | P58: 03:52:46 | Q58: 64.215413 | R58: 59.707656
A61: Table 2: INTERCITY - Phase Time Comparison (min)
A64: Pair | B64: Pair ID | C64: Vehicle | D64: Category | E64: Route Group | F64: Trips | G64: CHARGING / REFUELING | H64: STOP | I64: IDLE | J64: INCHING | K64: ACC | L64: DEC | M64: CRUISE
A65: 1 | B65: PAIR_001 | C65: EV | D65: INTERCITY | E65: Maduravoyal ↔ Silk Board | F65: SilkBoard to Madhuravoyal | G65: 30 | H65: 23.65 | I65: 25.7 | J65: 7.6 | K65: 61.423733 | L65: 45.183333 | M65: 150.28333
A66: 1 | B66: PAIR_001 | C66: ICE | D66: INTERCITY | E66: Maduravoyal ↔ Silk Board | F66: SilkBoard to Madhuravoyal | G66: 0 | H66: 18.1 | I66: 0.066666667 | J66: 1.75 | K66: 57.69085 | L66: 41.383333 | M66: 192.51667
A67: 2 | B67: PAIR_002 | C67: EV | D67: INTERCITY | E67: Maduravoyal ↔ Silk Board | F67: SilkBoard to Madhuravoyal | G67: 30 | H67: 23.65 | I67: 25.7 | J67: 7.6 | K67: 61.423733 | L67: 45.183333 | M67: 150.28333
A68: 2 | B68: PAIR_002 | C68: ICE | D68: INTERCITY | E68: Maduravoyal ↔ Silk Board | F68: SilkBoard to Madhuravoyal | G68: 0 | H68: 16.433333 | I68: 6.9833333 | J68: 5 | K68: 60.018217 | L68: 42.633333 | M68: 167.95
A69: 3 | B69: PAIR_003 | C69: EV | D69: INTERCITY | E69: Maduravoyal ↔ Silk Board | F69: Madhuravoyal to SilkBoard | G69: 38.333333 | H69: 10.566667 | I69: 0 | J69: 0.66666667 | K69: 49.316667 | L69: 44.583333 | M69: 202.15
A70: 3 | B70: PAIR_003 | C70: ICE | D70: INTERCITY | E70: Maduravoyal ↔ Silk Board | F70: Madhuravoyal to SilkBoard | G70: 0 | H70: 35.983333 | I70: 0.35 | J70: 4.0833333 | K70: 62.08705 | L70: 50.533333 | M70: 205.36038
A71: 4 | B71: PAIR_004 | C71: EV | D71: INTERCITY | E71: Chennai ↔ Pondicherry | F71: Chennai to Pondicherry | G71: 0 | H71: 25.883333 | I71: 8.15 | J71: 8.0166667 | K71: 55.883333 | L71: 40.116667 | M71: 102.39363
A72: 4 | B72: PAIR_004 | C72: ICE | D72: INTERCITY | E72: Chennai ↔ Pondicherry | F72: Chennai to Pondicherry | G72: 0 | H72: 69.483333 | I72: 9.95 | J72: 1.7166667 | K72: 25.133333 | L72: 23.433333 | M72: 144.63333
A73: 5 | B73: PAIR_005 | C73: EV | D73: INTERCITY | E73: Chennai ↔ Pondicherry | F73: Chennai to Pondicherry | G73: 0 | H73: 25.883333 | I73: 4.9333333 | J73: 5.9333333 | K73: 52.333333 | L73: 37.574967 | M73: 82.933617
A74: 5 | B74: PAIR_005 | C74: ICE | D74: INTERCITY | E74: Chennai ↔ Pondicherry | F74: Chennai to Pondicherry | G74: 0 | H74: 31.8 | I74: 0 | J74: 1.5 | K74: 30.466667 | L74: 23 | M74: 134.38333
A75: 6 | B75: PAIR_006 | C75: EV | D75: INTERCITY | E75: Chennai ↔ Pondicherry | F75: Chennai to Pondicherry | G75: 0 | H75: 30.183333 | I75: 14.291517 | J75: 2.1 | K75: 48.092233 | L75: 33.45 | M75: 93.4
A76: 6 | B76: PAIR_006 | C76: ICE | D76: INTERCITY | E76: Chennai ↔ Pondicherry | F76: Chennai to Pondicherry | G76: 0 | H76: 69.483333 | I76: 9.95 | J76: 1.7166667 | K76: 25.133333 | L76: 23.433333 | M76: 144.63333
... A172: 54 | B172: PAIR_054 | C172: ICE | D172: INTERCITY | E172: Madiwala to Madhuravoyal | F172: Madiwala to Madhuravoyal | G172: 0 | H172: 24.316667 | I172: 2.6666667 | J172: 5.6833333 | K172: 44.466667 | L172: 32.45 | M172: 243.15
A175: Table 3: INTERCITY - Phase Distance Comparison (km)
A178: Pair | B178: Pair ID | C178: Vehicle | D178: Category | E178: Route Group | F178: Trips | G178: CHARGING / REFUELING | H178: STOP | I178: IDLE | J178: INCHING | K178: ACC | L178: DEC | M178: CRUISE
A179: 1 | B179: PAIR_001 | C179: EV | D179: INTERCITY | E179: Maduravoyal ↔ Silk Board | F179: SilkBoard to Madhuravoyal | G179: 0.31331323 | H179: 0.041652319 | I179: 0.15596841 | J179: 0.4492738 | K179: 60.308697 | L179: 44.619089 | M179: 199.27859
A180: 1 | B180: PAIR_001 | C180: ICE | D180: INTERCITY | E180: Maduravoyal ↔ Silk Board | F180: SilkBoard to Madhuravoyal | G180: 0 | H180: 0.2136487 | I180: 0 | J180: 0.30731282 | K180: 55.580882 | L180: 38.886325 | M180: 215.48607
A181: 2 | B181: PAIR_002 | C181: EV | D181: INTERCITY | E181: Maduravoyal ↔ Silk Board | F181: SilkBoard to Madhuravoyal | G181: 0.31331323 | H181: 0.041652319 | I181: 0.15596841 | J181: 0.4492738 | K181: 60.301496 | L181: 44.619089 | M181: 199.22648
A182: 2 | B182: PAIR_002 | C182: ICE | D182: INTERCITY | E182: Maduravoyal ↔ Silk Board | F182: SilkBoard to Madhuravoyal | G182: 0 | H182: 0.083882197 | I182: 0.03091496 | J182: 0.23093108 | K182: 57.928894 | L182: 43.162925 | M182: 203.77853
A183: 3 | B183: PAIR_003 | C183: EV | D183: INTERCITY | E183: Maduravoyal ↔ Silk Board | F183: Madhuravoyal to SilkBoard | G183: 0.3220724 | H183: 0.46962669 | I183: 0 | J183: 0.2646788 | K183: 46.828639 | L183: 41.95381 | M183: 230.50068
A184: 3 | B184: PAIR_003 | C184: ICE | D184: INTERCITY | E184: Maduravoyal ↔ Silk Board | F184: Madhuravoyal to SilkBoard | G184: 0 | H184: 0.34734042 | I184: 0 | J184: 0.4374014 | K184: 58.410381 | L184: 47.464359 | M184: 214.02954
A185: 4 | B185: PAIR_004 | C185: EV | D185: INTERCITY | E185: Chennai ↔ Pondicherry | F185: Chennai to Pondicherry | G185: 0 | H185: 0.35568686 | I185: 0.57585003 | J185: 0.6265752 | K185: 44.777395 | L185: 31.03077 | M185: 70.832492
A186: 4 | B186: PAIR_004 | C186: ICE | D186: INTERCITY | E186: Chennai ↔ Pondicherry | F186: Chennai to Pondicherry | G186: 0 | H186: 0.83987814 | I186: 1.7979996 | J186: 0.57590785 | K186: 16.043683 | L186: 16.779597 | M186: 112.08835
A187: 5 | B187: PAIR_005 | C187: EV | D187: INTERCITY | E187: Chennai ↔ Pondicherry | F187: Chennai to Pondicherry | G187: 0 | H187: 0.35568686 | I187: 0.46935935 | J187: 0.35650575 | K187: 43.251328 | L187: 30.282042 | M187: 66.907082
A188: 5 | B188: PAIR_005 | C188: ICE | D188: INTERCITY | E188: Chennai ↔ Pondicherry | F188: Chennai to Pondicherry | G188: 0 | H188: 0.2215609 | I188: 0 | J188: 0.11647474 | K188: 21.522287 | L188: 17.072623 | M188: 102.73816
A189: 6 | B189: PAIR_006 | C189: EV | D189: INTERCITY | E189: Chennai ↔ Pondicherry | F189: Chennai to Pondicherry | G189: 0 | H189: 0.38306582 | I189: 2.3361161 | J189: 0.20461421 | K189: 38.63607 | L189: 26.286683 | M189: 80.361863
A190: 6 | B190: PAIR_006 | C190: ICE | D190: INTERCITY | E190: Chennai ↔ Pondicherry | F190: Chennai to Pondicherry | G190: 0 | H190: 0.83987814 | I190: 1.7979996 | J190: 0.57590785 | K190: 16.043683 | L190: 16.779597 | M190: 112.11315
... A286: 54 | B286: PAIR_054 | C286: ICE | D286: INTERCITY | E286: Madiwala to Madhuravoyal | F286: Madiwala to Madhuravoyal | G286: 0 | H286: 0.44236745 | I286: 0.42826574 | J286: 0.51104472 | K286: 36.406614 | L286: 29.047823 | M286: 258.19733

Sheet 03_Same_Day_All
A1: Table 1: SAME-DAY EV-ICE PAIRS - EV vs ICE Trip Summary
A4: Pair | B4: Pair ID | C4: Pair Class | D4: Category | E4: Route Group | F4: Trips | G4: EV Date | H4: ICE Date | I4: Same-Day Pair | J4: Common Date | K4: EV Distance (km) | L4: ICE Distance (km) | M4: EV TAT (min) | N4: ICE TAT (min) | O4: EV Start Time | P4: EV End Time | Q4: ICE Start Time | R4: ICE End Time | S4: EV Moving Avg Speed (km/h) | T4: ICE Moving Avg Speed (km/h)
A5: 4 | B5: PAIR_004 | C5: STRICT | D5: INTERCITY | E5: Chennai ↔ Pondicherry | F5: Chennai to Pondicherry | G5: 15-07-2026 | H5: 15-07-2026 | I5: YES | J5: 15-07-2026 | K5: 148.19877 | L5: 148.12542 | M5: 240.44363 | N5: 274.35 | O5: 09:22:41 | P5: 13:23:07 | Q5: 11:20:23 | R5: 15:54:44 | S5: 42.808106 | T5: 44.784536
A6: 11 | B6: PAIR_011 | C6: STRICT | D6: INTERCITY | E6: Chennai ↔ Pondicherry | F6: Pondicherry to Chennai | G6: 16-07-2026 | H6: 16-07-2026 | I6: YES | J6: 16-07-2026 | K6: 143.67833 | L6: 143.7061 | M6: 241.37365 | N6: 241.61577 | O6: 14:16:16 | P6: 18:17:39 | Q6: 16:37:54 | R6: 20:39:30 | S6: 44.633873 | T6: 42.341884
A7: 18 | B7: PAIR_018 | C7: STRICT | D7: INTERCITY | E7: Chennai ↔ Pondicherry | F7: Chennai to Pondicherry | G7: 17-07-2026 | H7: 17-07-2026 | I7: YES | J7: 17-07-2026 | K7: 141.59905 | L7: 141.66631 | M7: 205.64342 | N7: 221.15 | O7: 08:09:07 | P7: 11:34:46 | Q7: 11:43:51 | R7: 15:25:00 | S7: 51.089289 | T7: 44.820093
A8: 23 | B8: PAIR_023 | C8: STRICT | D8: INTERCITY | E8: Chennai ↔ Pondicherry | F8: Pondicherry to Chennai | G8: 18-07-2026 | H8: 18-07-2026 | I8: YES | J8: 18-07-2026 | K8: 137.84785 | L8: 137.91124 | M8: 223.05115 | N8: 231.88333 | O8: 14:14:38 | P8: 17:57:41 | Q8: 16:20:34 | R8: 20:12:27 | S8: 43.489208 | T8: 40.291298
A9: 28 | B9: PAIR_028 | C9: STRICT | D9: INTERCITY | E9: Chennai ↔ Pondicherry | F9: Chennai to Pondicherry | G9: 19-07-2026 | H9: 19-07-2026 | I9: YES | J9: 19-07-2026 | K9: 145.90644 | L9: 145.99433 | M9: 195.4022 | N9: 266.86322 | O9: 09:18:36 | P9: 12:34:01 | Q9: 11:08:45 | R9: 15:35:36 | S9: 48.032687 | T9: 45.342765
A10: 31 | B10: PAIR_031 | C10: STRICT | D10: INTERCITY | E10: Chennai ↔ Pondicherry | F10: Pondicherry to Chennai | G10: 20-07-2026 | H10: 20-07-2026 | I10: YES | J10: 20-07-2026 | K10: 123.99264 | L10: 123.98028 | M10: 187.65295 | N10: 194.9584 | O10: 14:51:18 | P10: 17:58:57 | Q10: 16:56:44 | R10: 20:11:41 | S10: 46.882859 | T10: 42.761694
A11: 38 | B11: PAIR_038 | C11: STRICT | D11: INTERCITY | E11: Madhuravoyal to Madiwala | F11: Madhuravoyal to Madiwala | G11: 11-09-2026 | H11: 11-09-2026 | I11: YES | J11: 11-09-2026 | K11: 326.35477 | L11: 325.9461 | M11: 395 | N11: 374.96152 | O11: 23:17:00 | P11: 05:52:00 | Q11: 23:27:11 | R11: 05:42:08 | S11: 61.316237 | T11: 59.540017
A12: 42 | B12: PAIR_042 | C12: STRICT | D12: INTERCITY | E12: Madiwala to Madhuravoyal | F12: Madiwala to Madhuravoyal | G12: 12-09-2026 | H12: 12-09-2026 | I12: YES | J12: 12-09-2026 | K12: 321.8612 | L12: 322.43342 | M12: 405.77063 | N12: 325.40482 | O12: 23:20:57 | P12: 06:06:43 | Q12: 23:13:05 | R12: 04:38:29 | S12: 64.645315 | T12: 63.964896
A13: 48 | B13: PAIR_048 | C13: STRICT | D13: INTERCITY | E13: Madiwala to Madhuravoyal | F13: Madiwala to Madhuravoyal | G13: 20-09-2026 | H13: 20-09-2026 | I13: YES | J13: 20-09-2026 | K13: 325.39891 | L13: 324.88432 | M13: 410.73333 | N13: 348.1472 | O13: 11:26:04 | P13: 18:16:48 | Q13: 12:14:31 | R13: 18:02:40 | S13: 62.048171 | T13: 63.512754
A14: 51 | B14: PAIR_051 | C14: STRICT | D14: INTERCITY | E14: Chennai ↔ Pondicherry | F14: Chennai to Pondicherry | G14: 25-09-2026 | H14: 25-09-2026 | I14: YES | J14: 25-09-2026 | K14: 153.67648 | L14: 153.53074 | M14: 265.81493 | N14: 285.56667 | O14: 13:29:18 | P14: 17:55:07 | Q14: 14:27:10 | R14: 19:12:44 | S14: 45.911374 | T14: 41.347135
A15: 52 | B15: PAIR_052 | C15: STRICT | D15: INTERCITY | E15: Chennai ↔ Pondicherry | F15: Pondicherry to Chennai | G15: 26-09-2026 | H15: 26-09-2026 | I15: YES | J15: 26-09-2026 | K15: 151.56016 | L15: 152.10931 | M15: 263.95295 | N15: 286.34037 | O15: 14:31:12 | P15: 18:55:10 | Q15: 16:16:08 | R15: 21:02:28 | S15: 42.410121 | T15: 36.293607
A16: 53 | B16: PAIR_053 | C16: STRICT | D16: INTERCITY | E16: Madhuravoyal to Madiwala | F16: Madhuravoyal to Madiwala | G16: 02-10-2026 | H16: 02-10-2026 | I16: YES | J16: 02-10-2026 | K16: 325.40906 | L16: 325.09563 | M16: 353.84785 | N16: 317.94677 | O16: 23:13:07 | P16: 05:06:58 | Q16: 23:29:56 | R16: 04:47:52 | S16: 67.113187 | T16: 62.785791
A17: 54 | B17: PAIR_054 | C17: STRICT | D17: INTERCITY | E17: Madiwala to Madhuravoyal | F17: Madiwala to Madhuravoyal | G17: 03-10-2026 | H17: 03-10-2026 | I17: YES | J17: 03-10-2026 | K17: 324.46951 | L17: 325.03345 | M17: 417.36547 | N17: 352.73333 | O17: 21:59:13 | P17: 04:56:35 | Q17: 22:00:02 | R17: 03:52:46 | S17: 64.215413 | T17: 59.707656
A20: Table 2: SAME-DAY EV-ICE PAIRS - Phase Time Comparison (min)
A23: Pair | B23: Pair ID | C23: Vehicle | D23: Category | E23: Route Group | F23: Trips | G23: CHARGING / REFUELING | H23: STOP | I23: IDLE | J23: INCHING | K23: ACC | L23: DEC | M23: CRUISE
A24: 4 | B24: PAIR_004 | C24: EV | D24: INTERCITY | E24: Chennai ↔ Pondicherry | F24: Chennai to Pondicherry | G24: 0 | H24: 25.883333 | I24: 8.15 | J24: 8.0166667 | K24: 55.883333 | L24: 40.116667 | M24: 102.39363
A25: 4 | B25: PAIR_004 | C25: ICE | D25: INTERCITY | E25: Chennai ↔ Pondicherry | F25: Chennai to Pondicherry | G25: 0 | H25: 69.483333 | I25: 9.95 | J25: 1.7166667 | K25: 25.133333 | L25: 23.433333 | M25: 144.63333
A26: 11 | B26: PAIR_011 | C26: EV | D26: INTERCITY | E26: Chennai ↔ Pondicherry | F26: Pondicherry to Chennai | G26: 0 | H26: 43.485533 | I26: 7.55 | J26: 4.1 | K26: 52.5 | L26: 37.47145 | M26: 96.266667
A27: 11 | B27: PAIR_011 | C27: ICE | D27: INTERCITY | E27: Chennai ↔ Pondicherry | F27: Pondicherry to Chennai | G27: 0 | H27: 36.983333 | I27: 4.5 | J27: 1.6166667 | K27: 42.433333 | L27: 34.95 | M27: 121.13243
A28: 18 | B28: PAIR_018 | C28: EV | D28: INTERCITY | E28: Chennai ↔ Pondicherry | F28: Chennai to Pondicherry | G28: 0 | H28: 30.183333 | I28: 12.0548 | J28: 2.1 | K28: 43.833333 | L28: 30.25 | M28: 87.22195
A29: 18 | B29: PAIR_018 | C29: ICE | D29: INTERCITY | E29: Chennai ↔ Pondicherry | F29: Chennai to Pondicherry | G29: 0 | H29: 31.8 | I29: 0 | J29: 1.5 | K29: 30.466667 | L29: 23 | M29: 134.38333
A30: 23 | B30: PAIR_023 | C30: EV | D30: INTERCITY | E30: Chennai ↔ Pondicherry | F30: Pondicherry to Chennai | G30: 0 | H30: 24.65 | I30: 10.134483 | J30: 2.1 | K30: 53.916667 | L30: 40.75 | M30: 91.5
A31: 23 | B31: PAIR_023 | C31: ICE | D31: INTERCITY | E31: Chennai ↔ Pondicherry | F31: Pondicherry to Chennai | G31: 0 | H31: 23.716667 | I31: 4.4333333 | J31: 9.55 | K31: 50.65 | L31: 34.233333 | M31: 109.3
A32: 28 | B32: PAIR_028 | C32: EV | D32: INTERCITY | E32: Chennai ↔ Pondicherry | F32: Chennai to Pondicherry | G32: 0 | H32: 8.9333333 | I32: 5.4188667 | J32: 0 | K32: 46.883333 | L32: 35.666667 | M32: 98.5
A33: 28 | B33: PAIR_028 | C33: ICE | D33: INTERCITY | E33: Chennai ↔ Pondicherry | F33: Chennai to Pondicherry | G33: 0 | H33: 71.083333 | I33: 4.05 | J33: 9.24655 | K33: 38.683333 | L33: 26.816667 | M33: 116.98333
A34: 31 | B34: PAIR_031 | C34: EV | D34: INTERCITY | E34: Chennai ↔ Pondicherry | F34: Pondicherry to Chennai | G34: 0 | H34: 29.483333 | I34: 0.11058333 | J34: 5.2666667 | K34: 45.483333 | L34: 28.733333 | M34: 78.5757
A35: 31 | B35: PAIR_031 | C35: ICE | D35: INTERCITY | E35: Chennai ↔ Pondicherry | F35: Pondicherry to Chennai | G35: 0 | H35: 21.383333 | I35: 1 | J35: 0 | K35: 39.183333 | L35: 30.466667 | M35: 102.92507
... A49: 54 | B49: PAIR_054 | C49: ICE | D49: INTERCITY | E49: Madiwala to Madhuravoyal | F49: Madiwala to Madhuravoyal | G49: 0 | H49: 24.316667 | I49: 2.6666667 | J49: 5.6833333 | K49: 44.466667 | L49: 32.45 | M49: 243.15
A52: Table 3: SAME-DAY EV-ICE PAIRS - Phase Distance Comparison (km)
A55: Pair | B55: Pair ID | C55: Vehicle | D55: Category | E55: Route Group | F55: Trips | G55: CHARGING / REFUELING | H55: STOP | I55: IDLE | J55: INCHING | K55: ACC | L55: DEC | M55: CRUISE
A56: 4 | B56: PAIR_004 | C56: EV | D56: INTERCITY | E56: Chennai ↔ Pondicherry | F56: Chennai to Pondicherry | G56: 0 | H56: 0.35568686 | I56: 0.57585003 | J56: 0.6265752 | K56: 44.777395 | L56: 31.03077 | M56: 70.832492
A57: 4 | B57: PAIR_004 | C57: ICE | D57: INTERCITY | E57: Chennai ↔ Pondicherry | F57: Chennai to Pondicherry | G57: 0 | H57: 0.83987814 | I57: 1.7979996 | J57: 0.57590785 | K57: 16.043683 | L57: 16.779597 | M57: 112.08835
A58: 11 | B58: PAIR_011 | C58: EV | D58: INTERCITY | E58: Chennai ↔ Pondicherry | F58: Pondicherry to Chennai | G58: 0 | H58: 1.3321014 | I58: 0.75410541 | J58: 0.43943113 | K58: 42.768056 | L58: 29.775024 | M58: 68.609609
A59: 11 | B59: PAIR_011 | C59: ICE | D59: INTERCITY | E59: Chennai ↔ Pondicherry | F59: Pondicherry to Chennai | G59: 0 | H59: 0.43407804 | I59: 2.0389552 | J59: 0.27011206 | K59: 30.597979 | L59: 25.113544 | M59: 85.251434
A60: 18 | B60: PAIR_018 | C60: EV | D60: INTERCITY | E60: Chennai ↔ Pondicherry | F60: Chennai to Pondicherry | G60: 0 | H60: 0.38306582 | I60: 2.0783272 | J60: 0.20461421 | K60: 36.808471 | L60: 24.895439 | M60: 77.229138
A61: 18 | B61: PAIR_018 | C61: ICE | D61: INTERCITY | E61: Chennai ↔ Pondicherry | F61: Chennai to Pondicherry | G61: 0 | H61: 0.2215609 | I61: 0 | J61: 0.11647474 | K61: 21.520259 | L61: 17.069852 | M61: 102.73816
A62: 23 | B62: PAIR_023 | C62: EV | D62: INTERCITY | E62: Chennai ↔ Pondicherry | F62: Pondicherry to Chennai | G62: 0 | H62: 0.34290254 | I62: 1.0454777 | J62: 0.40432001 | K62: 41.471082 | L62: 30.61488 | M62: 63.969189
A63: 23 | B63: PAIR_023 | C63: ICE | D63: INTERCITY | E63: Chennai ↔ Pondicherry | F63: Pondicherry to Chennai | G63: 0 | H63: 0.11699904 | I63: 0.9828989 | J63: 0.76496157 | K63: 36.712209 | L63: 25.040527 | M63: 74.293641
A64: 28 | B64: PAIR_028 | C64: EV | D64: INTERCITY | E64: Chennai ↔ Pondicherry | F64: Chennai to Pondicherry | G64: 0 | H64: 0.25917593 | I64: 0.70863314 | J64: 0 | K64: 37.603305 | L64: 27.742805 | M64: 79.592524
A65: 28 | B65: PAIR_028 | C65: ICE | D65: INTERCITY | E65: Chennai ↔ Pondicherry | F65: Chennai to Pondicherry | G65: 0 | H65: 0.54905124 | I65: 0.55256307 | J65: 0.82406644 | K65: 27.60991 | L65: 19.892928 | M65: 96.565812
A66: 31 | B66: PAIR_031 | C66: EV | D66: INTERCITY | E66: Chennai ↔ Pondicherry | F66: Pondicherry to Chennai | G66: 0 | H66: 0.42983925 | I66: 0.058482869 | J66: 0.35482327 | K66: 37.109062 | L66: 23.384143 | M66: 62.656295
A67: 31 | B67: PAIR_031 | C67: ICE | D67: INTERCITY | E67: Chennai ↔ Pondicherry | F67: Pondicherry to Chennai | G67: 0 | H67: 0.10907216 | I67: 0.87783173 | J67: 0 | K67: 28.213202 | L67: 20.936339 | M67: 73.843831
... A81: 54 | B81: PAIR_054 | C81: ICE | D81: INTERCITY | E81: Madiwala to Madhuravoyal | F81: Madiwala to Madhuravoyal | G81: 0 | H81: 0.44236745 | I81: 0.42826574 | J81: 0.51104472 | K81: 36.406614 | L81: 29.047823 | M81: 258.19733

Sheet 04_Same_Day_INTERCITY
A1: Table 1: SAME-DAY INTERCITY - EV vs ICE Trip Summary
A4: Pair | B4: Pair ID | C4: Pair Class | D4: Category | E4: Route Group | F4: Trips | G4: EV Date | H4: ICE Date | I4: Same-Day Pair | J4: Common Date | K4: EV Distance (km) | L4: ICE Distance (km) | M4: EV TAT (min) | N4: ICE TAT (min) | O4: EV Start Time | P4: EV End Time | Q4: ICE Start Time | R4: ICE End Time | S4: EV Moving Avg Speed (km/h) | T4: ICE Moving Avg Speed (km/h)
A5: 4 | B5: PAIR_004 | C5: STRICT | D5: INTERCITY | E5: Chennai ↔ Pondicherry | F5: Chennai to Pondicherry | G5: 15-07-2026 | H5: 15-07-2026 | I5: YES | J5: 15-07-2026 | K5: 148.19877 | L5: 148.12542 | M5: 240.44363 | N5: 274.35 | O5: 09:22:41 | P5: 13:23:07 | Q5: 11:20:23 | R5: 15:54:44 | S5: 42.808106 | T5: 44.784536
A6: 11 | B6: PAIR_011 | C6: STRICT | D6: INTERCITY | E6: Chennai ↔ Pondicherry | F6: Pondicherry to Chennai | G6: 16-07-2026 | H6: 16-07-2026 | I6: YES | J6: 16-07-2026 | K6: 143.67833 | L6: 143.7061 | M6: 241.37365 | N6: 241.61577 | O6: 14:16:16 | P6: 18:17:39 | Q6: 16:37:54 | R6: 20:39:30 | S6: 44.633873 | T6: 42.341884
A7: 18 | B7: PAIR_018 | C7: STRICT | D7: INTERCITY | E7: Chennai ↔ Pondicherry | F7: Chennai to Pondicherry | G7: 17-07-2026 | H7: 17-07-2026 | I7: YES | J7: 17-07-2026 | K7: 141.59905 | L7: 141.66631 | M7: 205.64342 | N7: 221.15 | O7: 08:09:07 | P7: 11:34:46 | Q7: 11:43:51 | R7: 15:25:00 | S7: 51.089289 | T7: 44.820093
A8: 23 | B8: PAIR_023 | C8: STRICT | D8: INTERCITY | E8: Chennai ↔ Pondicherry | F8: Pondicherry to Chennai | G8: 18-07-2026 | H8: 18-07-2026 | I8: YES | J8: 18-07-2026 | K8: 137.84785 | L8: 137.91124 | M8: 223.05115 | N8: 231.88333 | O8: 14:14:38 | P8: 17:57:41 | Q8: 16:20:34 | R8: 20:12:27 | S8: 43.489208 | T8: 40.291298
A9: 28 | B9: PAIR_028 | C9: STRICT | D9: INTERCITY | E9: Chennai ↔ Pondicherry | F9: Chennai to Pondicherry | G9: 19-07-2026 | H9: 19-07-2026 | I9: YES | J9: 19-07-2026 | K9: 145.90644 | L9: 145.99433 | M9: 195.4022 | N9: 266.86322 | O9: 09:18:36 | P9: 12:34:01 | Q9: 11:08:45 | R9: 15:35:36 | S9: 48.032687 | T9: 45.342765
A10: 31 | B10: PAIR_031 | C10: STRICT | D10: INTERCITY | E10: Chennai ↔ Pondicherry | F10: Pondicherry to Chennai | G10: 20-07-2026 | H10: 20-07-2026 | I10: YES | J10: 20-07-2026 | K10: 123.99264 | L10: 123.98028 | M10: 187.65295 | N10: 194.9584 | O10: 14:51:18 | P10: 17:58:57 | Q10: 16:56:44 | R10: 20:11:41 | S10: 46.882859 | T10: 42.761694
A11: 38 | B11: PAIR_038 | C11: STRICT | D11: INTERCITY | E11: Madhuravoyal to Madiwala | F11: Madhuravoyal to Madiwala | G11: 11-09-2026 | H11: 11-09-2026 | I11: YES | J11: 11-09-2026 | K11: 326.35477 | L11: 325.9461 | M11: 395 | N11: 374.96152 | O11: 23:17:00 | P11: 05:52:00 | Q11: 23:27:11 | R11: 05:42:08 | S11: 61.316237 | T11: 59.540017
A12: 42 | B12: PAIR_042 | C12: STRICT | D12: INTERCITY | E12: Madiwala to Madhuravoyal | F12: Madiwala to Madhuravoyal | G12: 12-09-2026 | H12: 12-09-2026 | I12: YES | J12: 12-09-2026 | K12: 321.8612 | L12: 322.43342 | M12: 405.77063 | N12: 325.40482 | O12: 23:20:57 | P12: 06:06:43 | Q12: 23:13:05 | R12: 04:38:29 | S12: 64.645315 | T12: 63.964896
A13: 48 | B13: PAIR_048 | C13: STRICT | D13: INTERCITY | E13: Madiwala to Madhuravoyal | F13: Madiwala to Madhuravoyal | G13: 20-09-2026 | H13: 20-09-2026 | I13: YES | J13: 20-09-2026 | K13: 325.39891 | L13: 324.88432 | M13: 410.73333 | N13: 348.1472 | O13: 11:26:04 | P13: 18:16:48 | Q13: 12:14:31 | R13: 18:02:40 | S13: 62.048171 | T13: 63.512754
A14: 51 | B14: PAIR_051 | C14: STRICT | D14: INTERCITY | E14: Chennai ↔ Pondicherry | F14: Chennai to Pondicherry | G14: 25-09-2026 | H14: 25-09-2026 | I14: YES | J14: 25-09-2026 | K14: 153.67648 | L14: 153.53074 | M14: 265.81493 | N14: 285.56667 | O14: 13:29:18 | P14: 17:55:07 | Q14: 14:27:10 | R14: 19:12:44 | S14: 45.911374 | T14: 41.347135
A15: 52 | B15: PAIR_052 | C15: STRICT | D15: INTERCITY | E15: Chennai ↔ Pondicherry | F15: Pondicherry to Chennai | G15: 26-09-2026 | H15: 26-09-2026 | I15: YES | J15: 26-09-2026 | K15: 151.56016 | L15: 152.10931 | M15: 263.95295 | N15: 286.34037 | O15: 14:31:12 | P15: 18:55:10 | Q15: 16:16:08 | R15: 21:02:28 | S15: 42.410121 | T15: 36.293607
A16: 53 | B16: PAIR_053 | C16: STRICT | D16: INTERCITY | E16: Madhuravoyal to Madiwala | F16: Madhuravoyal to Madiwala | G16: 02-10-2026 | H16: 02-10-2026 | I16: YES | J16: 02-10-2026 | K16: 325.40906 | L16: 325.09563 | M16: 353.84785 | N16: 317.94677 | O16: 23:13:07 | P16: 05:06:58 | Q16: 23:29:56 | R16: 04:47:52 | S16: 67.113187 | T16: 62.785791
A17: 54 | B17: PAIR_054 | C17: STRICT | D17: INTERCITY | E17: Madiwala to Madhuravoyal | F17: Madiwala to Madhuravoyal | G17: 03-10-2026 | H17: 03-10-2026 | I17: YES | J17: 03-10-2026 | K17: 324.46951 | L17: 325.03345 | M17: 417.36547 | N17: 352.73333 | O17: 21:59:13 | P17: 04:56:35 | Q17: 22:00:02 | R17: 03:52:46 | S17: 64.215413 | T17: 59.707656
A20: Table 2: SAME-DAY INTERCITY - Phase Time Comparison (min)
A23: Pair | B23: Pair ID | C23: Vehicle | D23: Category | E23: Route Group | F23: Trips | G23: CHARGING / REFUELING | H23: STOP | I23: IDLE | J23: INCHING | K23: ACC | L23: DEC | M23: CRUISE
A24: 4 | B24: PAIR_004 | C24: EV | D24: INTERCITY | E24: Chennai ↔ Pondicherry | F24: Chennai to Pondicherry | G24: 0 | H24: 25.883333 | I24: 8.15 | J24: 8.0166667 | K24: 55.883333 | L24: 40.116667 | M24: 102.39363
A25: 4 | B25: PAIR_004 | C25: ICE | D25: INTERCITY | E25: Chennai ↔ Pondicherry | F25: Chennai to Pondicherry | G25: 0 | H25: 69.483333 | I25: 9.95 | J25: 1.7166667 | K25: 25.133333 | L25: 23.433333 | M25: 144.63333
A26: 11 | B26: PAIR_011 | C26: EV | D26: INTERCITY | E26: Chennai ↔ Pondicherry | F26: Pondicherry to Chennai | G26: 0 | H26: 43.485533 | I26: 7.55 | J26: 4.1 | K26: 52.5 | L26: 37.47145 | M26: 96.266667
A27: 11 | B27: PAIR_011 | C27: ICE | D27: INTERCITY | E27: Chennai ↔ Pondicherry | F27: Pondicherry to Chennai | G27: 0 | H27: 36.983333 | I27: 4.5 | J27: 1.6166667 | K27: 42.433333 | L27: 34.95 | M27: 121.13243
A28: 18 | B28: PAIR_018 | C28: EV | D28: INTERCITY | E28: Chennai ↔ Pondicherry | F28: Chennai to Pondicherry | G28: 0 | H28: 30.183333 | I28: 12.0548 | J28: 2.1 | K28: 43.833333 | L28: 30.25 | M28: 87.22195
A29: 18 | B29: PAIR_018 | C29: ICE | D29: INTERCITY | E29: Chennai ↔ Pondicherry | F29: Chennai to Pondicherry | G29: 0 | H29: 31.8 | I29: 0 | J29: 1.5 | K29: 30.466667 | L29: 23 | M29: 134.38333
A30: 23 | B30: PAIR_023 | C30: EV | D30: INTERCITY | E30: Chennai ↔ Pondicherry | F30: Pondicherry to Chennai | G30: 0 | H30: 24.65 | I30: 10.134483 | J30: 2.1 | K30: 53.916667 | L30: 40.75 | M30: 91.5
A31: 23 | B31: PAIR_023 | C31: ICE | D31: INTERCITY | E31: Chennai ↔ Pondicherry | F31: Pondicherry to Chennai | G31: 0 | H31: 23.716667 | I31: 4.4333333 | J31: 9.55 | K31: 50.65 | L31: 34.233333 | M31: 109.3
A32: 28 | B32: PAIR_028 | C32: EV | D32: INTERCITY | E32: Chennai ↔ Pondicherry | F32: Chennai to Pondicherry | G32: 0 | H32: 8.9333333 | I32: 5.4188667 | J32: 0 | K32: 46.883333 | L32: 35.666667 | M32: 98.5
A33: 28 | B33: PAIR_028 | C33: ICE | D33: INTERCITY | E33: Chennai ↔ Pondicherry | F33: Chennai to Pondicherry | G33: 0 | H33: 71.083333 | I33: 4.05 | J33: 9.24655 | K33: 38.683333 | L33: 26.816667 | M33: 116.98333
A34: 31 | B34: PAIR_031 | C34: EV | D34: INTERCITY | E34: Chennai ↔ Pondicherry | F34: Pondicherry to Chennai | G34: 0 | H34: 29.483333 | I34: 0.11058333 | J34: 5.2666667 | K34: 45.483333 | L34: 28.733333 | M34: 78.5757
A35: 31 | B35: PAIR_031 | C35: ICE | D35: INTERCITY | E35: Chennai ↔ Pondicherry | F35: Pondicherry to Chennai | G35: 0 | H35: 21.383333 | I35: 1 | J35: 0 | K35: 39.183333 | L35: 30.466667 | M35: 102.92507
... A49: 54 | B49: PAIR_054 | C49: ICE | D49: INTERCITY | E49: Madiwala to Madhuravoyal | F49: Madiwala to Madhuravoyal | G49: 0 | H49: 24.316667 | I49: 2.6666667 | J49: 5.6833333 | K49: 44.466667 | L49: 32.45 | M49: 243.15
A52: Table 3: SAME-DAY INTERCITY - Phase Distance Comparison (km)
A55: Pair | B55: Pair ID | C55: Vehicle | D55: Category | E55: Route Group | F55: Trips | G55: CHARGING / REFUELING | H55: STOP | I55: IDLE | J55: INCHING | K55: ACC | L55: DEC | M55: CRUISE
A56: 4 | B56: PAIR_004 | C56: EV | D56: INTERCITY | E56: Chennai ↔ Pondicherry | F56: Chennai to Pondicherry | G56: 0 | H56: 0.35568686 | I56: 0.57585003 | J56: 0.6265752 | K56: 44.777395 | L56: 31.03077 | M56: 70.832492
A57: 4 | B57: PAIR_004 | C57: ICE | D57: INTERCITY | E57: Chennai ↔ Pondicherry | F57: Chennai to Pondicherry | G57: 0 | H57: 0.83987814 | I57: 1.7979996 | J57: 0.57590785 | K57: 16.043683 | L57: 16.779597 | M57: 112.08835
A58: 11 | B58: PAIR_011 | C58: EV | D58: INTERCITY | E58: Chennai ↔ Pondicherry | F58: Pondicherry to Chennai | G58: 0 | H58: 1.3321014 | I58: 0.75410541 | J58: 0.43943113 | K58: 42.768056 | L58: 29.775024 | M58: 68.609609
A59: 11 | B59: PAIR_011 | C59: ICE | D59: INTERCITY | E59: Chennai ↔ Pondicherry | F59: Pondicherry to Chennai | G59: 0 | H59: 0.43407804 | I59: 2.0389552 | J59: 0.27011206 | K59: 30.597979 | L59: 25.113544 | M59: 85.251434
A60: 18 | B60: PAIR_018 | C60: EV | D60: INTERCITY | E60: Chennai ↔ Pondicherry | F60: Chennai to Pondicherry | G60: 0 | H60: 0.38306582 | I60: 2.0783272 | J60: 0.20461421 | K60: 36.808471 | L60: 24.895439 | M60: 77.229138
A61: 18 | B61: PAIR_018 | C61: ICE | D61: INTERCITY | E61: Chennai ↔ Pondicherry | F61: Chennai to Pondicherry | G61: 0 | H61: 0.2215609 | I61: 0 | J61: 0.11647474 | K61: 21.520259 | L61: 17.069852 | M61: 102.73816
A62: 23 | B62: PAIR_023 | C62: EV | D62: INTERCITY | E62: Chennai ↔ Pondicherry | F62: Pondicherry to Chennai | G62: 0 | H62: 0.34290254 | I62: 1.0454777 | J62: 0.40432001 | K62: 41.471082 | L62: 30.61488 | M62: 63.969189
A63: 23 | B63: PAIR_023 | C63: ICE | D63: INTERCITY | E63: Chennai ↔ Pondicherry | F63: Pondicherry to Chennai | G63: 0 | H63: 0.11699904 | I63: 0.9828989 | J63: 0.76496157 | K63: 36.712209 | L63: 25.040527 | M63: 74.293641
A64: 28 | B64: PAIR_028 | C64: EV | D64: INTERCITY | E64: Chennai ↔ Pondicherry | F64: Chennai to Pondicherry | G64: 0 | H64: 0.25917593 | I64: 0.70863314 | J64: 0 | K64: 37.603305 | L64: 27.742805 | M64: 79.592524
A65: 28 | B65: PAIR_028 | C65: ICE | D65: INTERCITY | E65: Chennai ↔ Pondicherry | F65: Chennai to Pondicherry | G65: 0 | H65: 0.54905124 | I65: 0.55256307 | J65: 0.82406644 | K65: 27.60991 | L65: 19.892928 | M65: 96.565812
A66: 31 | B66: PAIR_031 | C66: EV | D66: INTERCITY | E66: Chennai ↔ Pondicherry | F66: Pondicherry to Chennai | G66: 0 | H66: 0.42983925 | I66: 0.058482869 | J66: 0.35482327 | K66: 37.109062 | L66: 23.384143 | M66: 62.656295
A67: 31 | B67: PAIR_031 | C67: ICE | D67: INTERCITY | E67: Chennai ↔ Pondicherry | F67: Pondicherry to Chennai | G67: 0 | H67: 0.10907216 | I67: 0.87783173 | J67: 0 | K67: 28.213202 | L67: 20.936339 | M67: 73.843831
... A81: 54 | B81: PAIR_054 | C81: ICE | D81: INTERCITY | E81: Madiwala to Madhuravoyal | F81: Madiwala to Madhuravoyal | G81: 0 | H81: 0.44236745 | I81: 0.42826574 | J81: 0.51104472 | K81: 36.406614 | L81: 29.047823 | M81: 258.19733

Sheet 05_Diff_Day_Time_All
A1: Table 1: DIFFERENT-DAY EV-ICE PAIRS WITHIN 2 HOURS - EV vs ICE Trip Summary
A4: Pair | B4: Pair ID | C4: Pair Class | D4: Category | E4: Route Group | F4: Trips | G4: EV Date | H4: ICE Date | I4: Different-Day Pair | J4: Start-Time Difference (min) | K4: Allowed Difference (min) | L4: Within 2 Hours | M4: EV Distance (km) | N4: ICE Distance (km) | O4: EV TAT (min) | P4: ICE TAT (min) | Q4: EV Start Time | R4: EV End Time | S4: ICE Start Time | T4: ICE End Time | U4: EV Moving Avg Speed (km/h) | V4: ICE Moving Avg Speed (km/h)
A5: 3 | B5: PAIR_003 | C5: NONSTRICT | D5: INTERCITY | E5: Maduravoyal ↔ Silk Board | F5: Madhuravoyal to SilkBoard | G5: 10-07-2026 | H5: 31-07-2026 | I5: YES | J5: 59.05 | K5: 120 | L5: YES | M5: 320.33951 | N5: 320.68902 | O5: 345.61667 | P5: 358.39743 | Q5: 00:24:16 | R5: 06:09:53 | S5: 23:25:13 | T5: 05:23:37 | U5: 64.616757 | V5: 59.679116
A6: 5 | B6: PAIR_005 | C6: NONSTRICT | D6: INTERCITY | E6: Chennai ↔ Pondicherry | F6: Chennai to Pondicherry | G6: 15-07-2026 | H6: 17-07-2026 | I6: YES | J6: 107.53333 | K6: 120 | L6: YES | M6: 141.622 | N6: 141.6711 | O6: 209.59192 | P6: 221.15 | Q6: 09:56:19 | R6: 13:25:55 | S6: 11:43:51 | T6: 15:25:00 | U6: 47.253842 | V6: 44.821614
A7: 7 | B7: PAIR_007 | C7: NONSTRICT | D7: INTERCITY | E7: Chennai ↔ Pondicherry | F7: Chennai to Pondicherry | G7: 15-07-2026 | H7: 19-07-2026 | I7: YES | J7: 90.5 | K7: 120 | L7: YES | M7: 146.11036 | N7: 146.19417 | O7: 232.89157 | P7: 269.21667 | Q7: 09:38:15 | R7: 13:31:09 | S7: 11:08:45 | T7: 15:37:58 | U7: 44.761539 | V7: 44.849028
A8: 16 | B8: PAIR_016 | C8: NONSTRICT | D8: INTERCITY | E8: Chennai ↔ Pondicherry | F8: Pondicherry to Chennai | G8: 16-07-2026 | H8: 26-09-2026 | I8: YES | J8: 119.86667 | K8: 120 | L8: YES | M8: 152.23929 | N8: 153.94759 | O8: 276.1022 | P8: 291.35972 | Q8: 14:16:16 | R8: 18:52:23 | S8: 16:16:08 | T8: 21:07:29 | U8: 40.355745 | V8: 36.021923
A9: 24 | B9: PAIR_024 | C9: NONSTRICT | D9: INTERCITY | E9: Chennai ↔ Pondicherry | F9: Pondicherry to Chennai | G9: 18-07-2026 | H9: 20-07-2026 | I9: YES | J9: 117.51667 | K9: 120 | L9: YES | M9: 125.02151 | N9: 123.88714 | O9: 207.13587 | P9: 194.5326 | Q9: 14:59:13 | R9: 18:26:21 | S9: 16:56:44 | T9: 20:11:15 | U9: 41.521589 | V9: 42.835212
A10: 27 | B10: PAIR_027 | C10: NONSTRICT | D10: INTERCITY | E10: Chennai ↔ Pondicherry | F10: Pondicherry to Chennai | G10: 26-09-2026 | H10: 18-07-2026 | I10: YES | J10: 109.16667 | K10: 120 | L10: YES | M10: 138.29446 | N10: 137.86935 | O10: 219.9088 | P10: 231.88333 | Q10: 14:31:24 | R10: 18:11:19 | S10: 16:20:34 | T10: 20:12:27 | U10: 46.483729 | V10: 40.286623
A11: 32 | B11: PAIR_032 | C11: NONSTRICT | D11: INTERCITY | E11: Maduravoyal ↔ Silk Board | F11: SilkBoard to Madhuravoyal | G11: 20-07-2026 | H11: 29-07-2026 | I11: YES | J11: 62.983333 | K11: 120 | L11: YES | M11: 324.82785 | N11: 330.65385 | O11: 356.12247 | P11: 333.43333 | Q11: 00:01:12 | R11: 05:57:20 | S11: 22:58:13 | T11: 04:31:39 | U11: 65.688582 | V11: 62.887753
A12: 33 | B12: PAIR_033 | C12: NONSTRICT | D12: INTERCITY | E12: Maduravoyal ↔ Silk Board | F12: SilkBoard to Madhuravoyal | G12: 20-07-2026 | H12: 05-09-2026 | I12: YES | J12: 45.133333 | K12: 120 | L12: YES | M12: 320.295 | N12: 320.93023 | O12: 350.05457 | P12: 317.3162 | Q12: 00:02:48 | R12: 05:52:52 | S12: 23:17:40 | T12: 04:34:59 | U12: 66.12666 | V12: 65.883968
A13: 35 | B13: PAIR_035 | C13: NONSTRICT | D13: INTERCITY | E13: Chennai ↔ Pondicherry | F13: Pondicherry to Chennai | G13: 26-09-2026 | H13: 20-07-2026 | I13: YES | J13: 97.683333 | K13: 120 | L13: YES | M13: 125.74167 | N13: 123.98238 | O13: 194.93812 | P13: 194.9584 | Q13: 15:19:03 | R13: 18:34:00 | S13: 16:56:44 | T13: 20:11:41 | U13: 45.475103 | V13: 42.768923
A14: 36 | B14: PAIR_036 | C14: NONSTRICT | D14: INTERCITY | E14: Maduravoyal ↔ Silk Board | F14: Madhuravoyal to SilkBoard | G14: 05-09-2026 | H14: 31-07-2026 | I14: YES | J14: 46.733333 | K14: 120 | L14: YES | M14: 326.45811 | N14: 326.59062 | O14: 477.62115 | P14: 368.08333 | Q14: 00:04:24 | R14: 08:02:01 | S14: 23:17:40 | T14: 05:25:45 | U14: 53.20517 | V14: 59.004059
A15: 37 | B15: PAIR_037 | C15: STRICT | D15: INTERCITY | E15: Maduravoyal ↔ Silk Board | F15: SilkBoard to Madhuravoyal | G15: 06-09-2026 | H15: 05-09-2026 | I15: YES | J15: 62.533333 | K15: 120 | L15: YES | M15: 249.12685 | N15: 249.9072 | O15: 261.38705 | P15: 244.94097 | Q15: 00:18:27 | R15: 04:39:51 | S15: 23:15:55 | T15: 03:20:51 | U15: 63.843688 | V15: 67.455223
A16: 40 | B16: PAIR_040 | C16: NONSTRICT | D16: INTERCITY | E16: Madhuravoyal to Madiwala | F16: Madhuravoyal to Madiwala | G16: 11-09-2026 | H16: 02-10-2026 | I16: YES | J16: 12.933333 | K16: 120 | L16: YES | M16: 326.42355 | N16: 325.95211 | O16: 395 | P16: 319.50482 | Q16: 23:17:00 | R16: 05:52:00 | S16: 23:29:56 | T16: 04:49:26 | U16: 61.329177 | V16: 62.637051
... A19: 46 | B19: PAIR_046 | C19: NONSTRICT | D19: INTERCITY | E19: Madiwala to Madhuravoyal | F19: Madiwala to Madhuravoyal | G19: 03-10-2026 | H19: 12-09-2026 | I19: YES | J19: 50.233333 | K19: 120 | L19: YES | M19: 324.93503 | N19: 325.72635 | O19: 394.63503 | P19: 329.75 | Q19: 22:22:51 | R19: 04:57:29 | S19: 23:13:05 | T19: 04:42:50 | U19: 64.174152 | V19: 63.702556
A22: Table 2: DIFFERENT-DAY EV-ICE PAIRS WITHIN 2 HOURS - Phase Time Comparison (min)
A25: Pair | B25: Pair ID | C25: Vehicle | D25: Category | E25: Route Group | F25: Trips | G25: CHARGING / REFUELING | H25: STOP | I25: IDLE | J25: INCHING | K25: ACC | L25: DEC | M25: CRUISE
A26: 3 | B26: PAIR_003 | C26: EV | D26: INTERCITY | E26: Maduravoyal ↔ Silk Board | F26: Madhuravoyal to SilkBoard | G26: 38.333333 | H26: 10.566667 | I26: 0 | J26: 0.66666667 | K26: 49.316667 | L26: 44.583333 | M26: 202.15
A27: 3 | B27: PAIR_003 | C27: ICE | D27: INTERCITY | E27: Maduravoyal ↔ Silk Board | F27: Madhuravoyal to SilkBoard | G27: 0 | H27: 35.983333 | I27: 0.35 | J27: 4.0833333 | K27: 62.08705 | L27: 50.533333 | M27: 205.36038
A28: 5 | B28: PAIR_005 | C28: EV | D28: INTERCITY | E28: Chennai ↔ Pondicherry | F28: Chennai to Pondicherry | G28: 0 | H28: 25.883333 | I28: 4.9333333 | J28: 5.9333333 | K28: 52.333333 | L28: 37.574967 | M28: 82.933617
A29: 5 | B29: PAIR_005 | C29: ICE | D29: INTERCITY | E29: Chennai ↔ Pondicherry | F29: Chennai to Pondicherry | G29: 0 | H29: 31.8 | I29: 0 | J29: 1.5 | K29: 30.466667 | L29: 23 | M29: 134.38333
A30: 7 | B30: PAIR_007 | C30: EV | D30: INTERCITY | E30: Chennai ↔ Pondicherry | F30: Chennai to Pondicherry | G30: 0 | H30: 29.404417 | I30: 9.23715 | J30: 8.0166667 | K30: 55.05 | L30: 38.85 | M30: 92.333333
A31: 7 | B31: PAIR_007 | C31: ICE | D31: INTERCITY | E31: Chennai ↔ Pondicherry | F31: Chennai to Pondicherry | G31: 0 | H31: 71.083333 | I31: 4.05 | J31: 11.6 | K31: 38.683333 | L31: 26.816667 | M31: 116.98333
A32: 16 | B32: PAIR_016 | C32: EV | D32: INTERCITY | E32: Chennai ↔ Pondicherry | F32: Pondicherry to Chennai | G32: 0 | H32: 43.485533 | I32: 9.55 | J32: 6.7833333 | K32: 55.4 | L32: 40.216667 | M32: 120.66667
A33: 16 | B33: PAIR_016 | C33: ICE | D33: INTERCITY | E33: Chennai ↔ Pondicherry | F33: Pondicherry to Chennai | G33: 0 | H33: 26.333333 | I33: 10.016667 | J33: 14.483333 | K33: 52.6 | L33: 41.9 | M33: 146.02638
A34: 24 | B34: PAIR_024 | C34: EV | D34: INTERCITY | E34: Chennai ↔ Pondicherry | F34: Pondicherry to Chennai | G34: 0 | H34: 26.583333 | I34: 1.2618833 | J34: 5.35 | K34: 50.083333 | L34: 38.023983 | M34: 85.833333
A35: 24 | B35: PAIR_024 | C35: ICE | D35: INTERCITY | E35: Chennai ↔ Pondicherry | F35: Pondicherry to Chennai | G35: 0 | H35: 21.383333 | I35: 1 | J35: 0 | K35: 39.183333 | L35: 30.466667 | M35: 102.49927
A36: 27 | B36: PAIR_027 | C36: EV | D36: INTERCITY | E36: Chennai ↔ Pondicherry | F36: Pondicherry to Chennai | G36: 0 | H36: 31.033333 | I36: 10.966667 | J36: 2.9333333 | K36: 62.683333 | L36: 46.940983 | M36: 65.35115
A37: 27 | B37: PAIR_027 | C37: ICE | D37: INTERCITY | E37: Chennai ↔ Pondicherry | F37: Pondicherry to Chennai | G37: 0 | H37: 23.716667 | I37: 4.4333333 | J37: 9.55 | K37: 50.65 | L37: 34.233333 | M37: 109.3
... A55: 46 | B55: PAIR_046 | C55: ICE | D55: INTERCITY | E55: Madiwala to Madhuravoyal | F55: Madiwala to Madhuravoyal | G55: 0 | H55: 20.583333 | I55: 2.8333333 | J55: 4 | K55: 46.733333 | L55: 35.116667 | M55: 220.48333
A58: Table 3: DIFFERENT-DAY EV-ICE PAIRS WITHIN 2 HOURS - Phase Distance Comparison (km)
A61: Pair | B61: Pair ID | C61: Vehicle | D61: Category | E61: Route Group | F61: Trips | G61: CHARGING / REFUELING | H61: STOP | I61: IDLE | J61: INCHING | K61: ACC | L61: DEC | M61: CRUISE
A62: 3 | B62: PAIR_003 | C62: EV | D62: INTERCITY | E62: Maduravoyal ↔ Silk Board | F62: Madhuravoyal to SilkBoard | G62: 0.3220724 | H62: 0.46962669 | I62: 0 | J62: 0.2646788 | K62: 46.828639 | L62: 41.95381 | M62: 230.50068
A63: 3 | B63: PAIR_003 | C63: ICE | D63: INTERCITY | E63: Maduravoyal ↔ Silk Board | F63: Madhuravoyal to SilkBoard | G63: 0 | H63: 0.34734042 | I63: 0 | J63: 0.4374014 | K63: 58.410381 | L63: 47.464359 | M63: 214.02954
A64: 5 | B64: PAIR_005 | C64: EV | D64: INTERCITY | E64: Chennai ↔ Pondicherry | F64: Chennai to Pondicherry | G64: 0 | H64: 0.35568686 | I64: 0.46935935 | J64: 0.35650575 | K64: 43.251328 | L64: 30.282042 | M64: 66.907082
A65: 5 | B65: PAIR_005 | C65: ICE | D65: INTERCITY | E65: Chennai ↔ Pondicherry | F65: Chennai to Pondicherry | G65: 0 | H65: 0.2215609 | I65: 0 | J65: 0.11647474 | K65: 21.522287 | L65: 17.072623 | M65: 102.73816
A66: 7 | B66: PAIR_007 | C66: EV | D66: INTERCITY | E66: Chennai ↔ Pondicherry | F66: Chennai to Pondicherry | G66: 0 | H66: 0.47153803 | I66: 0.72334267 | J66: 0.6265752 | K66: 44.372426 | L66: 30.695038 | M66: 69.221442
A67: 7 | B67: PAIR_007 | C67: ICE | D67: INTERCITY | E67: Chennai ↔ Pondicherry | F67: Chennai to Pondicherry | G67: 0 | H67: 0.56746056 | I67: 0.55256307 | J67: 1.0054968 | K67: 27.60991 | L67: 19.892928 | M67: 96.565812
A68: 16 | B68: PAIR_016 | C68: EV | D68: INTERCITY | E68: Chennai ↔ Pondicherry | F68: Pondicherry to Chennai | G68: 0 | H68: 1.3493346 | I68: 0.85626343 | J68: 0.67004825 | K68: 44.025745 | L68: 31.175727 | M68: 74.162174
A69: 16 | B69: PAIR_016 | C69: ICE | D69: INTERCITY | E69: Chennai ↔ Pondicherry | F69: Pondicherry to Chennai | G69: 0 | H69: 0.32294109 | I69: 0.5256427 | J69: 1.2222826 | K69: 30.182682 | L69: 24.797769 | M69: 96.896273
A70: 24 | B70: PAIR_024 | C70: EV | D70: INTERCITY | E70: Chennai ↔ Pondicherry | F70: Pondicherry to Chennai | G70: 0 | H70: 0.43287959 | I70: 0.51475458 | J70: 0.73819242 | K70: 38.040822 | L70: 28.349735 | M70: 56.945128
A71: 24 | B71: PAIR_024 | C71: ICE | D71: INTERCITY | E71: Chennai ↔ Pondicherry | F71: Pondicherry to Chennai | G71: 0 | H71: 0.10907216 | I71: 0.87722495 | J71: 0 | K71: 28.213202 | L71: 20.936339 | M71: 73.751299
A72: 27 | B72: PAIR_027 | C72: EV | D72: INTERCITY | E72: Chennai ↔ Pondicherry | F72: Pondicherry to Chennai | G72: 0 | H72: 0.17694955 | I72: 0.28644166 | J72: 0.23768555 | K72: 48.513467 | L72: 34.664168 | M72: 54.415753
A73: 27 | B73: PAIR_027 | C73: ICE | D73: INTERCITY | E73: Chennai ↔ Pondicherry | F73: Pondicherry to Chennai | G73: 0 | H73: 0.11699904 | I73: 0.95688082 | J73: 0.74908889 | K73: 36.712209 | L73: 25.040527 | M73: 74.293641
... A91: 46 | B91: PAIR_046 | C91: ICE | D91: INTERCITY | E91: Madiwala to Madhuravoyal | F91: Madiwala to Madhuravoyal | G91: 0 | H91: 0.47667835 | I91: 0.012729717 | J91: 0.42028409 | K91: 41.5021 | L91: 32.504545 | M91: 250.81001

Sheet 06_Diff_Day_Time_INTERCITY
A1: Table 1: DIFFERENT-DAY INTERCITY WITHIN 2 HOURS - EV vs ICE Trip Summary
A4: Pair | B4: Pair ID | C4: Pair Class | D4: Category | E4: Route Group | F4: Trips | G4: EV Date | H4: ICE Date | I4: Different-Day Pair | J4: Start-Time Difference (min) | K4: Allowed Difference (min) | L4: Within 2 Hours | M4: EV Distance (km) | N4: ICE Distance (km) | O4: EV TAT (min) | P4: ICE TAT (min) | Q4: EV Start Time | R4: EV End Time | S4: ICE Start Time | T4: ICE End Time | U4: EV Moving Avg Speed (km/h) | V4: ICE Moving Avg Speed (km/h)
A5: 3 | B5: PAIR_003 | C5: NONSTRICT | D5: INTERCITY | E5: Maduravoyal ↔ Silk Board | F5: Madhuravoyal to SilkBoard | G5: 10-07-2026 | H5: 31-07-2026 | I5: YES | J5: 59.05 | K5: 120 | L5: YES | M5: 320.33951 | N5: 320.68902 | O5: 345.61667 | P5: 358.39743 | Q5: 00:24:16 | R5: 06:09:53 | S5: 23:25:13 | T5: 05:23:37 | U5: 64.616757 | V5: 59.679116
A6: 5 | B6: PAIR_005 | C6: NONSTRICT | D6: INTERCITY | E6: Chennai ↔ Pondicherry | F6: Chennai to Pondicherry | G6: 15-07-2026 | H6: 17-07-2026 | I6: YES | J6: 107.53333 | K6: 120 | L6: YES | M6: 141.622 | N6: 141.6711 | O6: 209.59192 | P6: 221.15 | Q6: 09:56:19 | R6: 13:25:55 | S6: 11:43:51 | T6: 15:25:00 | U6: 47.253842 | V6: 44.821614
A7: 7 | B7: PAIR_007 | C7: NONSTRICT | D7: INTERCITY | E7: Chennai ↔ Pondicherry | F7: Chennai to Pondicherry | G7: 15-07-2026 | H7: 19-07-2026 | I7: YES | J7: 90.5 | K7: 120 | L7: YES | M7: 146.11036 | N7: 146.19417 | O7: 232.89157 | P7: 269.21667 | Q7: 09:38:15 | R7: 13:31:09 | S7: 11:08:45 | T7: 15:37:58 | U7: 44.761539 | V7: 44.849028
A8: 16 | B8: PAIR_016 | C8: NONSTRICT | D8: INTERCITY | E8: Chennai ↔ Pondicherry | F8: Pondicherry to Chennai | G8: 16-07-2026 | H8: 26-09-2026 | I8: YES | J8: 119.86667 | K8: 120 | L8: YES | M8: 152.23929 | N8: 153.94759 | O8: 276.1022 | P8: 291.35972 | Q8: 14:16:16 | R8: 18:52:23 | S8: 16:16:08 | T8: 21:07:29 | U8: 40.355745 | V8: 36.021923
A9: 24 | B9: PAIR_024 | C9: NONSTRICT | D9: INTERCITY | E9: Chennai ↔ Pondicherry | F9: Pondicherry to Chennai | G9: 18-07-2026 | H9: 20-07-2026 | I9: YES | J9: 117.51667 | K9: 120 | L9: YES | M9: 125.02151 | N9: 123.88714 | O9: 207.13587 | P9: 194.5326 | Q9: 14:59:13 | R9: 18:26:21 | S9: 16:56:44 | T9: 20:11:15 | U9: 41.521589 | V9: 42.835212
A10: 27 | B10: PAIR_027 | C10: NONSTRICT | D10: INTERCITY | E10: Chennai ↔ Pondicherry | F10: Pondicherry to Chennai | G10: 26-09-2026 | H10: 18-07-2026 | I10: YES | J10: 109.16667 | K10: 120 | L10: YES | M10: 138.29446 | N10: 137.86935 | O10: 219.9088 | P10: 231.88333 | Q10: 14:31:24 | R10: 18:11:19 | S10: 16:20:34 | T10: 20:12:27 | U10: 46.483729 | V10: 40.286623
A11: 32 | B11: PAIR_032 | C11: NONSTRICT | D11: INTERCITY | E11: Maduravoyal ↔ Silk Board | F11: SilkBoard to Madhuravoyal | G11: 20-07-2026 | H11: 29-07-2026 | I11: YES | J11: 62.983333 | K11: 120 | L11: YES | M11: 324.82785 | N11: 330.65385 | O11: 356.12247 | P11: 333.43333 | Q11: 00:01:12 | R11: 05:57:20 | S11: 22:58:13 | T11: 04:31:39 | U11: 65.688582 | V11: 62.887753
A12: 33 | B12: PAIR_033 | C12: NONSTRICT | D12: INTERCITY | E12: Maduravoyal ↔ Silk Board | F12: SilkBoard to Madhuravoyal | G12: 20-07-2026 | H12: 05-09-2026 | I12: YES | J12: 45.133333 | K12: 120 | L12: YES | M12: 320.295 | N12: 320.93023 | O12: 350.05457 | P12: 317.3162 | Q12: 00:02:48 | R12: 05:52:52 | S12: 23:17:40 | T12: 04:34:59 | U12: 66.12666 | V12: 65.883968
A13: 35 | B13: PAIR_035 | C13: NONSTRICT | D13: INTERCITY | E13: Chennai ↔ Pondicherry | F13: Pondicherry to Chennai | G13: 26-09-2026 | H13: 20-07-2026 | I13: YES | J13: 97.683333 | K13: 120 | L13: YES | M13: 125.74167 | N13: 123.98238 | O13: 194.93812 | P13: 194.9584 | Q13: 15:19:03 | R13: 18:34:00 | S13: 16:56:44 | T13: 20:11:41 | U13: 45.475103 | V13: 42.768923
A14: 36 | B14: PAIR_036 | C14: NONSTRICT | D14: INTERCITY | E14: Maduravoyal ↔ Silk Board | F14: Madhuravoyal to SilkBoard | G14: 05-09-2026 | H14: 31-07-2026 | I14: YES | J14: 46.733333 | K14: 120 | L14: YES | M14: 326.45811 | N14: 326.59062 | O14: 477.62115 | P14: 368.08333 | Q14: 00:04:24 | R14: 08:02:01 | S14: 23:17:40 | T14: 05:25:45 | U14: 53.20517 | V14: 59.004059
A15: 37 | B15: PAIR_037 | C15: STRICT | D15: INTERCITY | E15: Maduravoyal ↔ Silk Board | F15: SilkBoard to Madhuravoyal | G15: 06-09-2026 | H15: 05-09-2026 | I15: YES | J15: 62.533333 | K15: 120 | L15: YES | M15: 249.12685 | N15: 249.9072 | O15: 261.38705 | P15: 244.94097 | Q15: 00:18:27 | R15: 04:39:51 | S15: 23:15:55 | T15: 03:20:51 | U15: 63.843688 | V15: 67.455223
A16: 40 | B16: PAIR_040 | C16: NONSTRICT | D16: INTERCITY | E16: Madhuravoyal to Madiwala | F16: Madhuravoyal to Madiwala | G16: 11-09-2026 | H16: 02-10-2026 | I16: YES | J16: 12.933333 | K16: 120 | L16: YES | M16: 326.42355 | N16: 325.95211 | O16: 395 | P16: 319.50482 | Q16: 23:17:00 | R16: 05:52:00 | S16: 23:29:56 | T16: 04:49:26 | U16: 61.329177 | V16: 62.637051
... A19: 46 | B19: PAIR_046 | C19: NONSTRICT | D19: INTERCITY | E19: Madiwala to Madhuravoyal | F19: Madiwala to Madhuravoyal | G19: 03-10-2026 | H19: 12-09-2026 | I19: YES | J19: 50.233333 | K19: 120 | L19: YES | M19: 324.93503 | N19: 325.72635 | O19: 394.63503 | P19: 329.75 | Q19: 22:22:51 | R19: 04:57:29 | S19: 23:13:05 | T19: 04:42:50 | U19: 64.174152 | V19: 63.702556
A22: Table 2: DIFFERENT-DAY INTERCITY WITHIN 2 HOURS - Phase Time Comparison (min)
A25: Pair | B25: Pair ID | C25: Vehicle | D25: Category | E25: Route Group | F25: Trips | G25: CHARGING / REFUELING | H25: STOP | I25: IDLE | J25: INCHING | K25: ACC | L25: DEC | M25: CRUISE
A26: 3 | B26: PAIR_003 | C26: EV | D26: INTERCITY | E26: Maduravoyal ↔ Silk Board | F26: Madhuravoyal to SilkBoard | G26: 38.333333 | H26: 10.566667 | I26: 0 | J26: 0.66666667 | K26: 49.316667 | L26: 44.583333 | M26: 202.15
A27: 3 | B27: PAIR_003 | C27: ICE | D27: INTERCITY | E27: Maduravoyal ↔ Silk Board | F27: Madhuravoyal to SilkBoard | G27: 0 | H27: 35.983333 | I27: 0.35 | J27: 4.0833333 | K27: 62.08705 | L27: 50.533333 | M27: 205.36038
A28: 5 | B28: PAIR_005 | C28: EV | D28: INTERCITY | E28: Chennai ↔ Pondicherry | F28: Chennai to Pondicherry | G28: 0 | H28: 25.883333 | I28: 4.9333333 | J28: 5.9333333 | K28: 52.333333 | L28: 37.574967 | M28: 82.933617
A29: 5 | B29: PAIR_005 | C29: ICE | D29: INTERCITY | E29: Chennai ↔ Pondicherry | F29: Chennai to Pondicherry | G29: 0 | H29: 31.8 | I29: 0 | J29: 1.5 | K29: 30.466667 | L29: 23 | M29: 134.38333
A30: 7 | B30: PAIR_007 | C30: EV | D30: INTERCITY | E30: Chennai ↔ Pondicherry | F30: Chennai to Pondicherry | G30: 0 | H30: 29.404417 | I30: 9.23715 | J30: 8.0166667 | K30: 55.05 | L30: 38.85 | M30: 92.333333
A31: 7 | B31: PAIR_007 | C31: ICE | D31: INTERCITY | E31: Chennai ↔ Pondicherry | F31: Chennai to Pondicherry | G31: 0 | H31: 71.083333 | I31: 4.05 | J31: 11.6 | K31: 38.683333 | L31: 26.816667 | M31: 116.98333
A32: 16 | B32: PAIR_016 | C32: EV | D32: INTERCITY | E32: Chennai ↔ Pondicherry | F32: Pondicherry to Chennai | G32: 0 | H32: 43.485533 | I32: 9.55 | J32: 6.7833333 | K32: 55.4 | L32: 40.216667 | M32: 120.66667
A33: 16 | B33: PAIR_016 | C33: ICE | D33: INTERCITY | E33: Chennai ↔ Pondicherry | F33: Pondicherry to Chennai | G33: 0 | H33: 26.333333 | I33: 10.016667 | J33: 14.483333 | K33: 52.6 | L33: 41.9 | M33: 146.02638
A34: 24 | B34: PAIR_024 | C34: EV | D34: INTERCITY | E34: Chennai ↔ Pondicherry | F34: Pondicherry to Chennai | G34: 0 | H34: 26.583333 | I34: 1.2618833 | J34: 5.35 | K34: 50.083333 | L34: 38.023983 | M34: 85.833333
A35: 24 | B35: PAIR_024 | C35: ICE | D35: INTERCITY | E35: Chennai ↔ Pondicherry | F35: Pondicherry to Chennai | G35: 0 | H35: 21.383333 | I35: 1 | J35: 0 | K35: 39.183333 | L35: 30.466667 | M35: 102.49927
A36: 27 | B36: PAIR_027 | C36: EV | D36: INTERCITY | E36: Chennai ↔ Pondicherry | F36: Pondicherry to Chennai | G36: 0 | H36: 31.033333 | I36: 10.966667 | J36: 2.9333333 | K36: 62.683333 | L36: 46.940983 | M36: 65.35115
A37: 27 | B37: PAIR_027 | C37: ICE | D37: INTERCITY | E37: Chennai ↔ Pondicherry | F37: Pondicherry to Chennai | G37: 0 | H37: 23.716667 | I37: 4.4333333 | J37: 9.55 | K37: 50.65 | L37: 34.233333 | M37: 109.3
... A55: 46 | B55: PAIR_046 | C55: ICE | D55: INTERCITY | E55: Madiwala to Madhuravoyal | F55: Madiwala to Madhuravoyal | G55: 0 | H55: 20.583333 | I55: 2.8333333 | J55: 4 | K55: 46.733333 | L55: 35.116667 | M55: 220.48333
A58: Table 3: DIFFERENT-DAY INTERCITY WITHIN 2 HOURS - Phase Distance Comparison (km)
A61: Pair | B61: Pair ID | C61: Vehicle | D61: Category | E61: Route Group | F61: Trips | G61: CHARGING / REFUELING | H61: STOP | I61: IDLE | J61: INCHING | K61: ACC | L61: DEC | M61: CRUISE
A62: 3 | B62: PAIR_003 | C62: EV | D62: INTERCITY | E62: Maduravoyal ↔ Silk Board | F62: Madhuravoyal to SilkBoard | G62: 0.3220724 | H62: 0.46962669 | I62: 0 | J62: 0.2646788 | K62: 46.828639 | L62: 41.95381 | M62: 230.50068
A63: 3 | B63: PAIR_003 | C63: ICE | D63: INTERCITY | E63: Maduravoyal ↔ Silk Board | F63: Madhuravoyal to SilkBoard | G63: 0 | H63: 0.34734042 | I63: 0 | J63: 0.4374014 | K63: 58.410381 | L63: 47.464359 | M63: 214.02954
A64: 5 | B64: PAIR_005 | C64: EV | D64: INTERCITY | E64: Chennai ↔ Pondicherry | F64: Chennai to Pondicherry | G64: 0 | H64: 0.35568686 | I64: 0.46935935 | J64: 0.35650575 | K64: 43.251328 | L64: 30.282042 | M64: 66.907082
A65: 5 | B65: PAIR_005 | C65: ICE | D65: INTERCITY | E65: Chennai ↔ Pondicherry | F65: Chennai to Pondicherry | G65: 0 | H65: 0.2215609 | I65: 0 | J65: 0.11647474 | K65: 21.522287 | L65: 17.072623 | M65: 102.73816
A66: 7 | B66: PAIR_007 | C66: EV | D66: INTERCITY | E66: Chennai ↔ Pondicherry | F66: Chennai to Pondicherry | G66: 0 | H66: 0.47153803 | I66: 0.72334267 | J66: 0.6265752 | K66: 44.372426 | L66: 30.695038 | M66: 69.221442
A67: 7 | B67: PAIR_007 | C67: ICE | D67: INTERCITY | E67: Chennai ↔ Pondicherry | F67: Chennai to Pondicherry | G67: 0 | H67: 0.56746056 | I67: 0.55256307 | J67: 1.0054968 | K67: 27.60991 | L67: 19.892928 | M67: 96.565812
A68: 16 | B68: PAIR_016 | C68: EV | D68: INTERCITY | E68: Chennai ↔ Pondicherry | F68: Pondicherry to Chennai | G68: 0 | H68: 1.3493346 | I68: 0.85626343 | J68: 0.67004825 | K68: 44.025745 | L68: 31.175727 | M68: 74.162174
A69: 16 | B69: PAIR_016 | C69: ICE | D69: INTERCITY | E69: Chennai ↔ Pondicherry | F69: Pondicherry to Chennai | G69: 0 | H69: 0.32294109 | I69: 0.5256427 | J69: 1.2222826 | K69: 30.182682 | L69: 24.797769 | M69: 96.896273
A70: 24 | B70: PAIR_024 | C70: EV | D70: INTERCITY | E70: Chennai ↔ Pondicherry | F70: Pondicherry to Chennai | G70: 0 | H70: 0.43287959 | I70: 0.51475458 | J70: 0.73819242 | K70: 38.040822 | L70: 28.349735 | M70: 56.945128
A71: 24 | B71: PAIR_024 | C71: ICE | D71: INTERCITY | E71: Chennai ↔ Pondicherry | F71: Pondicherry to Chennai | G71: 0 | H71: 0.10907216 | I71: 0.87722495 | J71: 0 | K71: 28.213202 | L71: 20.936339 | M71: 73.751299
A72: 27 | B72: PAIR_027 | C72: EV | D72: INTERCITY | E72: Chennai ↔ Pondicherry | F72: Pondicherry to Chennai | G72: 0 | H72: 0.17694955 | I72: 0.28644166 | J72: 0.23768555 | K72: 48.513467 | L72: 34.664168 | M72: 54.415753
A73: 27 | B73: PAIR_027 | C73: ICE | D73: INTERCITY | E73: Chennai ↔ Pondicherry | F73: Pondicherry to Chennai | G73: 0 | H73: 0.11699904 | I73: 0.95688082 | J73: 0.74908889 | K73: 36.712209 | L73: 25.040527 | M73: 74.293641
... A91: 46 | B91: PAIR_046 | C91: ICE | D91: INTERCITY | E91: Madiwala to Madhuravoyal | F91: Madiwala to Madhuravoyal | G91: 0 | H91: 0.47667835 | I91: 0.012729717 | J91: 0.42028409 | K91: 41.5021 | L91: 32.504545 | M91: 250.81001

Sheet 07_STRICT
A1: Table 1: ALL STRICT PAIRS - EV vs ICE Trip Summary
A4: Pair | B4: Pair ID | C4: Pair Class | D4: Category | E4: Route Group | F4: Trips | G4: EV Date | H4: ICE Date | I4: EV Distance (km) | J4: ICE Distance (km) | K4: EV TAT (min) | L4: ICE TAT (min) | M4: EV Start Time | N4: EV End Time | O4: ICE Start Time | P4: ICE End Time | Q4: EV Moving Avg Speed (km/h) | R4: ICE Moving Avg Speed (km/h)
A5: 4 | B5: PAIR_004 | C5: STRICT | D5: INTERCITY | E5: Chennai ↔ Pondicherry | F5: Chennai to Pondicherry | G5: 15-07-2026 | H5: 15-07-2026 | I5: 148.19877 | J5: 148.12542 | K5: 240.44363 | L5: 274.35 | M5: 09:22:41 | N5: 13:23:07 | O5: 11:20:23 | P5: 15:54:44 | Q5: 42.808106 | R5: 44.784536
A6: 11 | B6: PAIR_011 | C6: STRICT | D6: INTERCITY | E6: Chennai ↔ Pondicherry | F6: Pondicherry to Chennai | G6: 16-07-2026 | H6: 16-07-2026 | I6: 143.67833 | J6: 143.7061 | K6: 241.37365 | L6: 241.61577 | M6: 14:16:16 | N6: 18:17:39 | O6: 16:37:54 | P6: 20:39:30 | Q6: 44.633873 | R6: 42.341884
A7: 18 | B7: PAIR_018 | C7: STRICT | D7: INTERCITY | E7: Chennai ↔ Pondicherry | F7: Chennai to Pondicherry | G7: 17-07-2026 | H7: 17-07-2026 | I7: 141.59905 | J7: 141.66631 | K7: 205.64342 | L7: 221.15 | M7: 08:09:07 | N7: 11:34:46 | O7: 11:43:51 | P7: 15:25:00 | Q7: 51.089289 | R7: 44.820093
A8: 23 | B8: PAIR_023 | C8: STRICT | D8: INTERCITY | E8: Chennai ↔ Pondicherry | F8: Pondicherry to Chennai | G8: 18-07-2026 | H8: 18-07-2026 | I8: 137.84785 | J8: 137.91124 | K8: 223.05115 | L8: 231.88333 | M8: 14:14:38 | N8: 17:57:41 | O8: 16:20:34 | P8: 20:12:27 | Q8: 43.489208 | R8: 40.291298
A9: 28 | B9: PAIR_028 | C9: STRICT | D9: INTERCITY | E9: Chennai ↔ Pondicherry | F9: Chennai to Pondicherry | G9: 19-07-2026 | H9: 19-07-2026 | I9: 145.90644 | J9: 145.99433 | K9: 195.4022 | L9: 266.86322 | M9: 09:18:36 | N9: 12:34:01 | O9: 11:08:45 | P9: 15:35:36 | Q9: 48.032687 | R9: 45.342765
A10: 31 | B10: PAIR_031 | C10: STRICT | D10: INTERCITY | E10: Chennai ↔ Pondicherry | F10: Pondicherry to Chennai | G10: 20-07-2026 | H10: 20-07-2026 | I10: 123.99264 | J10: 123.98028 | K10: 187.65295 | L10: 194.9584 | M10: 14:51:18 | N10: 17:58:57 | O10: 16:56:44 | P10: 20:11:41 | Q10: 46.882859 | R10: 42.761694
A11: 37 | B11: PAIR_037 | C11: STRICT | D11: INTERCITY | E11: Maduravoyal ↔ Silk Board | F11: SilkBoard to Madhuravoyal | G11: 06-09-2026 | H11: 05-09-2026 | I11: 249.12685 | J11: 249.9072 | K11: 261.38705 | L11: 244.94097 | M11: 00:18:27 | N11: 04:39:51 | O11: 23:15:55 | P11: 03:20:51 | Q11: 63.843688 | R11: 67.455223
A12: 38 | B12: PAIR_038 | C12: STRICT | D12: INTERCITY | E12: Madhuravoyal to Madiwala | F12: Madhuravoyal to Madiwala | G12: 11-09-2026 | H12: 11-09-2026 | I12: 326.35477 | J12: 325.9461 | K12: 395 | L12: 374.96152 | M12: 23:17:00 | N12: 05:52:00 | O12: 23:27:11 | P12: 05:42:08 | Q12: 61.316237 | R12: 59.540017
A13: 42 | B13: PAIR_042 | C13: STRICT | D13: INTERCITY | E13: Madiwala to Madhuravoyal | F13: Madiwala to Madhuravoyal | G13: 12-09-2026 | H13: 12-09-2026 | I13: 321.8612 | J13: 322.43342 | K13: 405.77063 | L13: 325.40482 | M13: 23:20:57 | N13: 06:06:43 | O13: 23:13:05 | P13: 04:38:29 | Q13: 64.645315 | R13: 63.964896
A14: 48 | B14: PAIR_048 | C14: STRICT | D14: INTERCITY | E14: Madiwala to Madhuravoyal | F14: Madiwala to Madhuravoyal | G14: 20-09-2026 | H14: 20-09-2026 | I14: 325.39891 | J14: 324.88432 | K14: 410.73333 | L14: 348.1472 | M14: 11:26:04 | N14: 18:16:48 | O14: 12:14:31 | P14: 18:02:40 | Q14: 62.048171 | R14: 63.512754
A15: 51 | B15: PAIR_051 | C15: STRICT | D15: INTERCITY | E15: Chennai ↔ Pondicherry | F15: Chennai to Pondicherry | G15: 25-09-2026 | H15: 25-09-2026 | I15: 153.67648 | J15: 153.53074 | K15: 265.81493 | L15: 285.56667 | M15: 13:29:18 | N15: 17:55:07 | O15: 14:27:10 | P15: 19:12:44 | Q15: 45.911374 | R15: 41.347135
A16: 52 | B16: PAIR_052 | C16: STRICT | D16: INTERCITY | E16: Chennai ↔ Pondicherry | F16: Pondicherry to Chennai | G16: 26-09-2026 | H16: 26-09-2026 | I16: 151.56016 | J16: 152.10931 | K16: 263.95295 | L16: 286.34037 | M16: 14:31:12 | N16: 18:55:10 | O16: 16:16:08 | P16: 21:02:28 | Q16: 42.410121 | R16: 36.293607
... A18: 54 | B18: PAIR_054 | C18: STRICT | D18: INTERCITY | E18: Madiwala to Madhuravoyal | F18: Madiwala to Madhuravoyal | G18: 03-10-2026 | H18: 03-10-2026 | I18: 324.46951 | J18: 325.03345 | K18: 417.36547 | L18: 352.73333 | M18: 21:59:13 | N18: 04:56:35 | O18: 22:00:02 | P18: 03:52:46 | Q18: 64.215413 | R18: 59.707656
A21: Table 2: ALL STRICT PAIRS - Phase Time Comparison (min)
A24: Pair | B24: Pair ID | C24: Vehicle | D24: Category | E24: Route Group | F24: Trips | G24: CHARGING / REFUELING | H24: STOP | I24: IDLE | J24: INCHING | K24: ACC | L24: DEC | M24: CRUISE
A25: 4 | B25: PAIR_004 | C25: EV | D25: INTERCITY | E25: Chennai ↔ Pondicherry | F25: Chennai to Pondicherry | G25: 0 | H25: 25.883333 | I25: 8.15 | J25: 8.0166667 | K25: 55.883333 | L25: 40.116667 | M25: 102.39363
A26: 4 | B26: PAIR_004 | C26: ICE | D26: INTERCITY | E26: Chennai ↔ Pondicherry | F26: Chennai to Pondicherry | G26: 0 | H26: 69.483333 | I26: 9.95 | J26: 1.7166667 | K26: 25.133333 | L26: 23.433333 | M26: 144.63333
A27: 11 | B27: PAIR_011 | C27: EV | D27: INTERCITY | E27: Chennai ↔ Pondicherry | F27: Pondicherry to Chennai | G27: 0 | H27: 43.485533 | I27: 7.55 | J27: 4.1 | K27: 52.5 | L27: 37.47145 | M27: 96.266667
A28: 11 | B28: PAIR_011 | C28: ICE | D28: INTERCITY | E28: Chennai ↔ Pondicherry | F28: Pondicherry to Chennai | G28: 0 | H28: 36.983333 | I28: 4.5 | J28: 1.6166667 | K28: 42.433333 | L28: 34.95 | M28: 121.13243
A29: 18 | B29: PAIR_018 | C29: EV | D29: INTERCITY | E29: Chennai ↔ Pondicherry | F29: Chennai to Pondicherry | G29: 0 | H29: 30.183333 | I29: 12.0548 | J29: 2.1 | K29: 43.833333 | L29: 30.25 | M29: 87.22195
A30: 18 | B30: PAIR_018 | C30: ICE | D30: INTERCITY | E30: Chennai ↔ Pondicherry | F30: Chennai to Pondicherry | G30: 0 | H30: 31.8 | I30: 0 | J30: 1.5 | K30: 30.466667 | L30: 23 | M30: 134.38333
A31: 23 | B31: PAIR_023 | C31: EV | D31: INTERCITY | E31: Chennai ↔ Pondicherry | F31: Pondicherry to Chennai | G31: 0 | H31: 24.65 | I31: 10.134483 | J31: 2.1 | K31: 53.916667 | L31: 40.75 | M31: 91.5
A32: 23 | B32: PAIR_023 | C32: ICE | D32: INTERCITY | E32: Chennai ↔ Pondicherry | F32: Pondicherry to Chennai | G32: 0 | H32: 23.716667 | I32: 4.4333333 | J32: 9.55 | K32: 50.65 | L32: 34.233333 | M32: 109.3
A33: 28 | B33: PAIR_028 | C33: EV | D33: INTERCITY | E33: Chennai ↔ Pondicherry | F33: Chennai to Pondicherry | G33: 0 | H33: 8.9333333 | I33: 5.4188667 | J33: 0 | K33: 46.883333 | L33: 35.666667 | M33: 98.5
A34: 28 | B34: PAIR_028 | C34: ICE | D34: INTERCITY | E34: Chennai ↔ Pondicherry | F34: Chennai to Pondicherry | G34: 0 | H34: 71.083333 | I34: 4.05 | J34: 9.24655 | K34: 38.683333 | L34: 26.816667 | M34: 116.98333
A35: 31 | B35: PAIR_031 | C35: EV | D35: INTERCITY | E35: Chennai ↔ Pondicherry | F35: Pondicherry to Chennai | G35: 0 | H35: 29.483333 | I35: 0.11058333 | J35: 5.2666667 | K35: 45.483333 | L35: 28.733333 | M35: 78.5757
A36: 31 | B36: PAIR_031 | C36: ICE | D36: INTERCITY | E36: Chennai ↔ Pondicherry | F36: Pondicherry to Chennai | G36: 0 | H36: 21.383333 | I36: 1 | J36: 0 | K36: 39.183333 | L36: 30.466667 | M36: 102.92507
... A52: 54 | B52: PAIR_054 | C52: ICE | D52: INTERCITY | E52: Madiwala to Madhuravoyal | F52: Madiwala to Madhuravoyal | G52: 0 | H52: 24.316667 | I52: 2.6666667 | J52: 5.6833333 | K52: 44.466667 | L52: 32.45 | M52: 243.15
A55: Table 3: ALL STRICT PAIRS - Phase Distance Comparison (km)
A58: Pair | B58: Pair ID | C58: Vehicle | D58: Category | E58: Route Group | F58: Trips | G58: CHARGING / REFUELING | H58: STOP | I58: IDLE | J58: INCHING | K58: ACC | L58: DEC | M58: CRUISE
A59: 4 | B59: PAIR_004 | C59: EV | D59: INTERCITY | E59: Chennai ↔ Pondicherry | F59: Chennai to Pondicherry | G59: 0 | H59: 0.35568686 | I59: 0.57585003 | J59: 0.6265752 | K59: 44.777395 | L59: 31.03077 | M59: 70.832492
A60: 4 | B60: PAIR_004 | C60: ICE | D60: INTERCITY | E60: Chennai ↔ Pondicherry | F60: Chennai to Pondicherry | G60: 0 | H60: 0.83987814 | I60: 1.7979996 | J60: 0.57590785 | K60: 16.043683 | L60: 16.779597 | M60: 112.08835
A61: 11 | B61: PAIR_011 | C61: EV | D61: INTERCITY | E61: Chennai ↔ Pondicherry | F61: Pondicherry to Chennai | G61: 0 | H61: 1.3321014 | I61: 0.75410541 | J61: 0.43943113 | K61: 42.768056 | L61: 29.775024 | M61: 68.609609
A62: 11 | B62: PAIR_011 | C62: ICE | D62: INTERCITY | E62: Chennai ↔ Pondicherry | F62: Pondicherry to Chennai | G62: 0 | H62: 0.43407804 | I62: 2.0389552 | J62: 0.27011206 | K62: 30.597979 | L62: 25.113544 | M62: 85.251434
A63: 18 | B63: PAIR_018 | C63: EV | D63: INTERCITY | E63: Chennai ↔ Pondicherry | F63: Chennai to Pondicherry | G63: 0 | H63: 0.38306582 | I63: 2.0783272 | J63: 0.20461421 | K63: 36.808471 | L63: 24.895439 | M63: 77.229138
A64: 18 | B64: PAIR_018 | C64: ICE | D64: INTERCITY | E64: Chennai ↔ Pondicherry | F64: Chennai to Pondicherry | G64: 0 | H64: 0.2215609 | I64: 0 | J64: 0.11647474 | K64: 21.520259 | L64: 17.069852 | M64: 102.73816
A65: 23 | B65: PAIR_023 | C65: EV | D65: INTERCITY | E65: Chennai ↔ Pondicherry | F65: Pondicherry to Chennai | G65: 0 | H65: 0.34290254 | I65: 1.0454777 | J65: 0.40432001 | K65: 41.471082 | L65: 30.61488 | M65: 63.969189
A66: 23 | B66: PAIR_023 | C66: ICE | D66: INTERCITY | E66: Chennai ↔ Pondicherry | F66: Pondicherry to Chennai | G66: 0 | H66: 0.11699904 | I66: 0.9828989 | J66: 0.76496157 | K66: 36.712209 | L66: 25.040527 | M66: 74.293641
A67: 28 | B67: PAIR_028 | C67: EV | D67: INTERCITY | E67: Chennai ↔ Pondicherry | F67: Chennai to Pondicherry | G67: 0 | H67: 0.25917593 | I67: 0.70863314 | J67: 0 | K67: 37.603305 | L67: 27.742805 | M67: 79.592524
A68: 28 | B68: PAIR_028 | C68: ICE | D68: INTERCITY | E68: Chennai ↔ Pondicherry | F68: Chennai to Pondicherry | G68: 0 | H68: 0.54905124 | I68: 0.55256307 | J68: 0.82406644 | K68: 27.60991 | L68: 19.892928 | M68: 96.565812
A69: 31 | B69: PAIR_031 | C69: EV | D69: INTERCITY | E69: Chennai ↔ Pondicherry | F69: Pondicherry to Chennai | G69: 0 | H69: 0.42983925 | I69: 0.058482869 | J69: 0.35482327 | K69: 37.109062 | L69: 23.384143 | M69: 62.656295
A70: 31 | B70: PAIR_031 | C70: ICE | D70: INTERCITY | E70: Chennai ↔ Pondicherry | F70: Pondicherry to Chennai | G70: 0 | H70: 0.10907216 | I70: 0.87783173 | J70: 0 | K70: 28.213202 | L70: 20.936339 | M70: 73.843831
... A86: 54 | B86: PAIR_054 | C86: ICE | D86: INTERCITY | E86: Madiwala to Madhuravoyal | F86: Madiwala to Madhuravoyal | G86: 0 | H86: 0.44236745 | I86: 0.42826574 | J86: 0.51104472 | K86: 36.406614 | L86: 29.047823 | M86: 258.19733

Sheet 08_NONSTRICT
A1: Table 1: ALL NONSTRICT PAIRS - EV vs ICE Trip Summary
A4: Pair | B4: Pair ID | C4: Pair Class | D4: Category | E4: Route Group | F4: Trips | G4: EV Date | H4: ICE Date | I4: EV Distance (km) | J4: ICE Distance (km) | K4: EV TAT (min) | L4: ICE TAT (min) | M4: EV Start Time | N4: EV End Time | O4: ICE Start Time | P4: ICE End Time | Q4: EV Moving Avg Speed (km/h) | R4: ICE Moving Avg Speed (km/h)
A5: 1 | B5: PAIR_001 | C5: NONSTRICT | D5: INTERCITY | E5: Maduravoyal ↔ Silk Board | F5: SilkBoard to Madhuravoyal | G5: 05-07-2026 | H5: 29-07-2026 | I5: 305.16659 | J5: 310.47424 | K5: 343.8404 | L5: 311.50752 | M5: 08:36:08 | N5: 14:19:59 | O5: 22:58:13 | P5: 04:09:43 | Q5: 69.111541 | R5: 63.460768
A6: 2 | B6: PAIR_002 | C6: NONSTRICT | D6: INTERCITY | E6: Maduravoyal ↔ Silk Board | F6: SilkBoard to Madhuravoyal | G6: 05-07-2026 | H6: 05-09-2026 | I6: 305.10728 | J6: 305.21608 | K6: 343.8404 | L6: 299.01822 | M6: 08:36:08 | N6: 14:19:59 | O6: 23:15:55 | P6: 04:14:56 | Q6: 69.098087 | R6: 66.422256
A7: 3 | B7: PAIR_003 | C7: NONSTRICT | D7: INTERCITY | E7: Maduravoyal ↔ Silk Board | F7: Madhuravoyal to SilkBoard | G7: 10-07-2026 | H7: 31-07-2026 | I7: 320.33951 | J7: 320.68902 | K7: 345.61667 | L7: 358.39743 | M7: 00:24:16 | N7: 06:09:53 | O7: 23:25:13 | P7: 05:23:37 | Q7: 64.616757 | R7: 59.679116
A8: 5 | B8: PAIR_005 | C8: NONSTRICT | D8: INTERCITY | E8: Chennai ↔ Pondicherry | F8: Chennai to Pondicherry | G8: 15-07-2026 | H8: 17-07-2026 | I8: 141.622 | J8: 141.6711 | K8: 209.59192 | L8: 221.15 | M8: 09:56:19 | N8: 13:25:55 | O8: 11:43:51 | P8: 15:25:00 | Q8: 47.253842 | R8: 44.821614
A9: 6 | B9: PAIR_006 | C9: NONSTRICT | D9: INTERCITY | E9: Chennai ↔ Pondicherry | F9: Chennai to Pondicherry | G9: 17-07-2026 | H9: 15-07-2026 | I9: 148.20841 | J9: 148.15022 | K9: 221.51708 | L9: 274.35 | M9: 07:51:32 | N9: 11:33:03 | O9: 11:20:23 | P9: 15:54:44 | Q9: 49.306618 | R9: 44.79217
A10: 7 | B10: PAIR_007 | C10: NONSTRICT | D10: INTERCITY | E10: Chennai ↔ Pondicherry | F10: Chennai to Pondicherry | G10: 15-07-2026 | H10: 19-07-2026 | I10: 146.11036 | J10: 146.19417 | K10: 232.89157 | L10: 269.21667 | M10: 09:38:15 | N10: 13:31:09 | O10: 11:08:45 | P10: 15:37:58 | Q10: 44.761539 | R10: 44.849028
A11: 8 | B11: PAIR_008 | C11: NONSTRICT | D11: INTERCITY | E11: Chennai ↔ Pondicherry | F11: Chennai to Pondicherry | G11: 19-07-2026 | H11: 15-07-2026 | I11: 147.80638 | J11: 147.73471 | K11: 199.78013 | L11: 272.70877 | M11: 09:10:36 | N11: 12:30:22 | O11: 11:22:01 | P11: 15:54:44 | Q11: 48.109431 | R11: 45.043541
A12: 9 | B12: PAIR_009 | C12: NONSTRICT | D12: INTERCITY | E12: Chennai ↔ Pondicherry | F12: Chennai to Pondicherry | G12: 15-07-2026 | H12: 25-09-2026 | I12: 153.53484 | J12: 153.55266 | K12: 299.5047 | L12: 285.56667 | M12: 08:26:24 | N12: 13:25:55 | O12: 14:27:10 | P12: 19:12:44 | Q12: 41.136903 | R12: 41.353121
A13: 10 | B13: PAIR_010 | C13: NONSTRICT | D13: INTERCITY | E13: Chennai ↔ Pondicherry | F13: Chennai to Pondicherry | G13: 25-09-2026 | H13: 15-07-2026 | I13: 148.40811 | J13: 148.16934 | K13: 247.26765 | L13: 274.35 | M13: 13:45:53 | N13: 17:53:09 | O13: 11:20:23 | P13: 15:54:44 | Q13: 47.637753 | R13: 44.798057
A14: 12 | B14: PAIR_012 | C14: NONSTRICT | D14: INTERCITY | E14: Chennai ↔ Pondicherry | F14: Pondicherry to Chennai | G14: 16-07-2026 | H14: 18-07-2026 | I14: 136.6907 | J14: 137.90706 | K14: 199.88373 | L14: 231.88333 | M14: 14:16:16 | N14: 17:36:09 | O14: 16:20:34 | P14: 20:12:27 | Q14: 48.732283 | R14: 40.295521
A15: 13 | B15: PAIR_013 | C15: NONSTRICT | D15: INTERCITY | E15: Chennai ↔ Pondicherry | F15: Pondicherry to Chennai | G15: 18-07-2026 | H15: 16-07-2026 | I15: 144.86908 | J15: 143.72467 | K15: 251.71088 | L15: 241.61577 | M15: 14:14:38 | N15: 18:26:21 | O15: 16:37:54 | P15: 20:39:30 | Q15: 40.963129 | R15: 42.341899
A16: 14 | B16: PAIR_014 | C16: NONSTRICT | D16: INTERCITY | E16: Chennai ↔ Pondicherry | F16: Pondicherry to Chennai | G16: 16-07-2026 | H16: 20-07-2026 | I16: 123.9186 | J16: 123.94194 | K16: 205.75388 | L16: 194.9584 | M16: 14:52:08 | N16: 18:17:53 | O16: 16:56:44 | P16: 20:11:41 | Q16: 44.923873 | R16: 42.762032
... A44: 50 | B44: PAIR_050 | C44: NONSTRICT | D44: INTERCITY | E44: Madiwala to Madhuravoyal | F44: Madiwala to Madhuravoyal | G44: 03-10-2026 | H44: 20-09-2026 | I44: 326.46596 | J44: 326.13414 | K44: 420.64665 | L44: 351.75 | M44: 21:59:13 | N44: 04:59:52 | O44: 12:12:58 | P44: 18:04:43 | Q44: 63.92418 | R44: 63.016567
A47: Table 2: ALL NONSTRICT PAIRS - Phase Time Comparison (min)
A50: Pair | B50: Pair ID | C50: Vehicle | D50: Category | E50: Route Group | F50: Trips | G50: CHARGING / REFUELING | H50: STOP | I50: IDLE | J50: INCHING | K50: ACC | L50: DEC | M50: CRUISE
A51: 1 | B51: PAIR_001 | C51: EV | D51: INTERCITY | E51: Maduravoyal ↔ Silk Board | F51: SilkBoard to Madhuravoyal | G51: 30 | H51: 23.65 | I51: 25.7 | J51: 7.6 | K51: 61.423733 | L51: 45.183333 | M51: 150.28333
A52: 1 | B52: PAIR_001 | C52: ICE | D52: INTERCITY | E52: Maduravoyal ↔ Silk Board | F52: SilkBoard to Madhuravoyal | G52: 0 | H52: 18.1 | I52: 0.066666667 | J52: 1.75 | K52: 57.69085 | L52: 41.383333 | M52: 192.51667
A53: 2 | B53: PAIR_002 | C53: EV | D53: INTERCITY | E53: Maduravoyal ↔ Silk Board | F53: SilkBoard to Madhuravoyal | G53: 30 | H53: 23.65 | I53: 25.7 | J53: 7.6 | K53: 61.423733 | L53: 45.183333 | M53: 150.28333
A54: 2 | B54: PAIR_002 | C54: ICE | D54: INTERCITY | E54: Maduravoyal ↔ Silk Board | F54: SilkBoard to Madhuravoyal | G54: 0 | H54: 16.433333 | I54: 6.9833333 | J54: 5 | K54: 60.018217 | L54: 42.633333 | M54: 167.95
A55: 3 | B55: PAIR_003 | C55: EV | D55: INTERCITY | E55: Maduravoyal ↔ Silk Board | F55: Madhuravoyal to SilkBoard | G55: 38.333333 | H55: 10.566667 | I55: 0 | J55: 0.66666667 | K55: 49.316667 | L55: 44.583333 | M55: 202.15
A56: 3 | B56: PAIR_003 | C56: ICE | D56: INTERCITY | E56: Maduravoyal ↔ Silk Board | F56: Madhuravoyal to SilkBoard | G56: 0 | H56: 35.983333 | I56: 0.35 | J56: 4.0833333 | K56: 62.08705 | L56: 50.533333 | M56: 205.36038
A57: 5 | B57: PAIR_005 | C57: EV | D57: INTERCITY | E57: Chennai ↔ Pondicherry | F57: Chennai to Pondicherry | G57: 0 | H57: 25.883333 | I57: 4.9333333 | J57: 5.9333333 | K57: 52.333333 | L57: 37.574967 | M57: 82.933617
A58: 5 | B58: PAIR_005 | C58: ICE | D58: INTERCITY | E58: Chennai ↔ Pondicherry | F58: Chennai to Pondicherry | G58: 0 | H58: 31.8 | I58: 0 | J58: 1.5 | K58: 30.466667 | L58: 23 | M58: 134.38333
A59: 6 | B59: PAIR_006 | C59: EV | D59: INTERCITY | E59: Chennai ↔ Pondicherry | F59: Chennai to Pondicherry | G59: 0 | H59: 30.183333 | I59: 14.291517 | J59: 2.1 | K59: 48.092233 | L59: 33.45 | M59: 93.4
A60: 6 | B60: PAIR_006 | C60: ICE | D60: INTERCITY | E60: Chennai ↔ Pondicherry | F60: Chennai to Pondicherry | G60: 0 | H60: 69.483333 | I60: 9.95 | J60: 1.7166667 | K60: 25.133333 | L60: 23.433333 | M60: 144.63333
A61: 7 | B61: PAIR_007 | C61: EV | D61: INTERCITY | E61: Chennai ↔ Pondicherry | F61: Chennai to Pondicherry | G61: 0 | H61: 29.404417 | I61: 9.23715 | J61: 8.0166667 | K61: 55.05 | L61: 38.85 | M61: 92.333333
A62: 7 | B62: PAIR_007 | C62: ICE | D62: INTERCITY | E62: Chennai ↔ Pondicherry | F62: Chennai to Pondicherry | G62: 0 | H62: 71.083333 | I62: 4.05 | J62: 11.6 | K62: 38.683333 | L62: 26.816667 | M62: 116.98333
... A130: 50 | B130: PAIR_050 | C130: ICE | D130: INTERCITY | E130: Madiwala to Madhuravoyal | F130: Madiwala to Madhuravoyal | G130: 0 | H130: 35.4 | I130: 6.3166667 | J130: 10.683333 | K130: 66.1 | L130: 47.533333 | M130: 185.71667
A133: Table 3: ALL NONSTRICT PAIRS - Phase Distance Comparison (km)
A136: Pair | B136: Pair ID | C136: Vehicle | D136: Category | E136: Route Group | F136: Trips | G136: CHARGING / REFUELING | H136: STOP | I136: IDLE | J136: INCHING | K136: ACC | L136: DEC | M136: CRUISE
A137: 1 | B137: PAIR_001 | C137: EV | D137: INTERCITY | E137: Maduravoyal ↔ Silk Board | F137: SilkBoard to Madhuravoyal | G137: 0.31331323 | H137: 0.041652319 | I137: 0.15596841 | J137: 0.4492738 | K137: 60.308697 | L137: 44.619089 | M137: 199.27859
A138: 1 | B138: PAIR_001 | C138: ICE | D138: INTERCITY | E138: Maduravoyal ↔ Silk Board | F138: SilkBoard to Madhuravoyal | G138: 0 | H138: 0.2136487 | I138: 0 | J138: 0.30731282 | K138: 55.580882 | L138: 38.886325 | M138: 215.48607
A139: 2 | B139: PAIR_002 | C139: EV | D139: INTERCITY | E139: Maduravoyal ↔ Silk Board | F139: SilkBoard to Madhuravoyal | G139: 0.31331323 | H139: 0.041652319 | I139: 0.15596841 | J139: 0.4492738 | K139: 60.301496 | L139: 44.619089 | M139: 199.22648
A140: 2 | B140: PAIR_002 | C140: ICE | D140: INTERCITY | E140: Maduravoyal ↔ Silk Board | F140: SilkBoard to Madhuravoyal | G140: 0 | H140: 0.083882197 | I140: 0.03091496 | J140: 0.23093108 | K140: 57.928894 | L140: 43.162925 | M140: 203.77853
A141: 3 | B141: PAIR_003 | C141: EV | D141: INTERCITY | E141: Maduravoyal ↔ Silk Board | F141: Madhuravoyal to SilkBoard | G141: 0.3220724 | H141: 0.46962669 | I141: 0 | J141: 0.2646788 | K141: 46.828639 | L141: 41.95381 | M141: 230.50068
A142: 3 | B142: PAIR_003 | C142: ICE | D142: INTERCITY | E142: Maduravoyal ↔ Silk Board | F142: Madhuravoyal to SilkBoard | G142: 0 | H142: 0.34734042 | I142: 0 | J142: 0.4374014 | K142: 58.410381 | L142: 47.464359 | M142: 214.02954
A143: 5 | B143: PAIR_005 | C143: EV | D143: INTERCITY | E143: Chennai ↔ Pondicherry | F143: Chennai to Pondicherry | G143: 0 | H143: 0.35568686 | I143: 0.46935935 | J143: 0.35650575 | K143: 43.251328 | L143: 30.282042 | M143: 66.907082
A144: 5 | B144: PAIR_005 | C144: ICE | D144: INTERCITY | E144: Chennai ↔ Pondicherry | F144: Chennai to Pondicherry | G144: 0 | H144: 0.2215609 | I144: 0 | J144: 0.11647474 | K144: 21.522287 | L144: 17.072623 | M144: 102.73816
A145: 6 | B145: PAIR_006 | C145: EV | D145: INTERCITY | E145: Chennai ↔ Pondicherry | F145: Chennai to Pondicherry | G145: 0 | H145: 0.38306582 | I145: 2.3361161 | J145: 0.20461421 | K145: 38.63607 | L145: 26.286683 | M145: 80.361863
A146: 6 | B146: PAIR_006 | C146: ICE | D146: INTERCITY | E146: Chennai ↔ Pondicherry | F146: Chennai to Pondicherry | G146: 0 | H146: 0.83987814 | I146: 1.7979996 | J146: 0.57590785 | K146: 16.043683 | L146: 16.779597 | M146: 112.11315
A147: 7 | B147: PAIR_007 | C147: EV | D147: INTERCITY | E147: Chennai ↔ Pondicherry | F147: Chennai to Pondicherry | G147: 0 | H147: 0.47153803 | I147: 0.72334267 | J147: 0.6265752 | K147: 44.372426 | L147: 30.695038 | M147: 69.221442
A148: 7 | B148: PAIR_007 | C148: ICE | D148: INTERCITY | E148: Chennai ↔ Pondicherry | F148: Chennai to Pondicherry | G148: 0 | H148: 0.56746056 | I148: 0.55256307 | J148: 1.0054968 | K148: 27.60991 | L148: 19.892928 | M148: 96.565812
... A216: 50 | B216: PAIR_050 | C216: ICE | D216: INTERCITY | E216: Madiwala to Madhuravoyal | F216: Madiwala to Madhuravoyal | G216: 0 | H216: 0.45036794 | I216: 0.06317094 | J216: 0.9301404 | K216: 59.921886 | L216: 44.514803 | M216: 220.25377

Sheet 09_COMBINED
A1: Table 1: STRICT + NONSTRICT COMBINED - EV vs ICE Trip Summary
A4: Pair | B4: Pair ID | C4: Pair Class | D4: Category | E4: Route Group | F4: Trips | G4: EV Date | H4: ICE Date | I4: EV Distance (km) | J4: ICE Distance (km) | K4: EV TAT (min) | L4: ICE TAT (min) | M4: EV Start Time | N4: EV End Time | O4: ICE Start Time | P4: ICE End Time | Q4: EV Moving Avg Speed (km/h) | R4: ICE Moving Avg Speed (km/h)
A5: 1 | B5: PAIR_001 | C5: NONSTRICT | D5: INTERCITY | E5: Maduravoyal ↔ Silk Board | F5: SilkBoard to Madhuravoyal | G5: 05-07-2026 | H5: 29-07-2026 | I5: 305.16659 | J5: 310.47424 | K5: 343.8404 | L5: 311.50752 | M5: 08:36:08 | N5: 14:19:59 | O5: 22:58:13 | P5: 04:09:43 | Q5: 69.111541 | R5: 63.460768
A6: 2 | B6: PAIR_002 | C6: NONSTRICT | D6: INTERCITY | E6: Maduravoyal ↔ Silk Board | F6: SilkBoard to Madhuravoyal | G6: 05-07-2026 | H6: 05-09-2026 | I6: 305.10728 | J6: 305.21608 | K6: 343.8404 | L6: 299.01822 | M6: 08:36:08 | N6: 14:19:59 | O6: 23:15:55 | P6: 04:14:56 | Q6: 69.098087 | R6: 66.422256
A7: 3 | B7: PAIR_003 | C7: NONSTRICT | D7: INTERCITY | E7: Maduravoyal ↔ Silk Board | F7: Madhuravoyal to SilkBoard | G7: 10-07-2026 | H7: 31-07-2026 | I7: 320.33951 | J7: 320.68902 | K7: 345.61667 | L7: 358.39743 | M7: 00:24:16 | N7: 06:09:53 | O7: 23:25:13 | P7: 05:23:37 | Q7: 64.616757 | R7: 59.679116
A8: 4 | B8: PAIR_004 | C8: STRICT | D8: INTERCITY | E8: Chennai ↔ Pondicherry | F8: Chennai to Pondicherry | G8: 15-07-2026 | H8: 15-07-2026 | I8: 148.19877 | J8: 148.12542 | K8: 240.44363 | L8: 274.35 | M8: 09:22:41 | N8: 13:23:07 | O8: 11:20:23 | P8: 15:54:44 | Q8: 42.808106 | R8: 44.784536
A9: 5 | B9: PAIR_005 | C9: NONSTRICT | D9: INTERCITY | E9: Chennai ↔ Pondicherry | F9: Chennai to Pondicherry | G9: 15-07-2026 | H9: 17-07-2026 | I9: 141.622 | J9: 141.6711 | K9: 209.59192 | L9: 221.15 | M9: 09:56:19 | N9: 13:25:55 | O9: 11:43:51 | P9: 15:25:00 | Q9: 47.253842 | R9: 44.821614
A10: 6 | B10: PAIR_006 | C10: NONSTRICT | D10: INTERCITY | E10: Chennai ↔ Pondicherry | F10: Chennai to Pondicherry | G10: 17-07-2026 | H10: 15-07-2026 | I10: 148.20841 | J10: 148.15022 | K10: 221.51708 | L10: 274.35 | M10: 07:51:32 | N10: 11:33:03 | O10: 11:20:23 | P10: 15:54:44 | Q10: 49.306618 | R10: 44.79217
A11: 7 | B11: PAIR_007 | C11: NONSTRICT | D11: INTERCITY | E11: Chennai ↔ Pondicherry | F11: Chennai to Pondicherry | G11: 15-07-2026 | H11: 19-07-2026 | I11: 146.11036 | J11: 146.19417 | K11: 232.89157 | L11: 269.21667 | M11: 09:38:15 | N11: 13:31:09 | O11: 11:08:45 | P11: 15:37:58 | Q11: 44.761539 | R11: 44.849028
A12: 8 | B12: PAIR_008 | C12: NONSTRICT | D12: INTERCITY | E12: Chennai ↔ Pondicherry | F12: Chennai to Pondicherry | G12: 19-07-2026 | H12: 15-07-2026 | I12: 147.80638 | J12: 147.73471 | K12: 199.78013 | L12: 272.70877 | M12: 09:10:36 | N12: 12:30:22 | O12: 11:22:01 | P12: 15:54:44 | Q12: 48.109431 | R12: 45.043541
A13: 9 | B13: PAIR_009 | C13: NONSTRICT | D13: INTERCITY | E13: Chennai ↔ Pondicherry | F13: Chennai to Pondicherry | G13: 15-07-2026 | H13: 25-09-2026 | I13: 153.53484 | J13: 153.55266 | K13: 299.5047 | L13: 285.56667 | M13: 08:26:24 | N13: 13:25:55 | O13: 14:27:10 | P13: 19:12:44 | Q13: 41.136903 | R13: 41.353121
A14: 10 | B14: PAIR_010 | C14: NONSTRICT | D14: INTERCITY | E14: Chennai ↔ Pondicherry | F14: Chennai to Pondicherry | G14: 25-09-2026 | H14: 15-07-2026 | I14: 148.40811 | J14: 148.16934 | K14: 247.26765 | L14: 274.35 | M14: 13:45:53 | N14: 17:53:09 | O14: 11:20:23 | P14: 15:54:44 | Q14: 47.637753 | R14: 44.798057
A15: 11 | B15: PAIR_011 | C15: STRICT | D15: INTERCITY | E15: Chennai ↔ Pondicherry | F15: Pondicherry to Chennai | G15: 16-07-2026 | H15: 16-07-2026 | I15: 143.67833 | J15: 143.7061 | K15: 241.37365 | L15: 241.61577 | M15: 14:16:16 | N15: 18:17:39 | O15: 16:37:54 | P15: 20:39:30 | Q15: 44.633873 | R15: 42.341884
A16: 12 | B16: PAIR_012 | C16: NONSTRICT | D16: INTERCITY | E16: Chennai ↔ Pondicherry | F16: Pondicherry to Chennai | G16: 16-07-2026 | H16: 18-07-2026 | I16: 136.6907 | J16: 137.90706 | K16: 199.88373 | L16: 231.88333 | M16: 14:16:16 | N16: 17:36:09 | O16: 16:20:34 | P16: 20:12:27 | Q16: 48.732283 | R16: 40.295521
... A58: 54 | B58: PAIR_054 | C58: STRICT | D58: INTERCITY | E58: Madiwala to Madhuravoyal | F58: Madiwala to Madhuravoyal | G58: 03-10-2026 | H58: 03-10-2026 | I58: 324.46951 | J58: 325.03345 | K58: 417.36547 | L58: 352.73333 | M58: 21:59:13 | N58: 04:56:35 | O58: 22:00:02 | P58: 03:52:46 | Q58: 64.215413 | R58: 59.707656
A61: Table 2: STRICT + NONSTRICT COMBINED - Phase Time Comparison (min)
A64: Pair | B64: Pair ID | C64: Vehicle | D64: Category | E64: Route Group | F64: Trips | G64: CHARGING / REFUELING | H64: STOP | I64: IDLE | J64: INCHING | K64: ACC | L64: DEC | M64: CRUISE
A65: 1 | B65: PAIR_001 | C65: EV | D65: INTERCITY | E65: Maduravoyal ↔ Silk Board | F65: SilkBoard to Madhuravoyal | G65: 30 | H65: 23.65 | I65: 25.7 | J65: 7.6 | K65: 61.423733 | L65: 45.183333 | M65: 150.28333
A66: 1 | B66: PAIR_001 | C66: ICE | D66: INTERCITY | E66: Maduravoyal ↔ Silk Board | F66: SilkBoard to Madhuravoyal | G66: 0 | H66: 18.1 | I66: 0.066666667 | J66: 1.75 | K66: 57.69085 | L66: 41.383333 | M66: 192.51667
A67: 2 | B67: PAIR_002 | C67: EV | D67: INTERCITY | E67: Maduravoyal ↔ Silk Board | F67: SilkBoard to Madhuravoyal | G67: 30 | H67: 23.65 | I67: 25.7 | J67: 7.6 | K67: 61.423733 | L67: 45.183333 | M67: 150.28333
A68: 2 | B68: PAIR_002 | C68: ICE | D68: INTERCITY | E68: Maduravoyal ↔ Silk Board | F68: SilkBoard to Madhuravoyal | G68: 0 | H68: 16.433333 | I68: 6.9833333 | J68: 5 | K68: 60.018217 | L68: 42.633333 | M68: 167.95
A69: 3 | B69: PAIR_003 | C69: EV | D69: INTERCITY | E69: Maduravoyal ↔ Silk Board | F69: Madhuravoyal to SilkBoard | G69: 38.333333 | H69: 10.566667 | I69: 0 | J69: 0.66666667 | K69: 49.316667 | L69: 44.583333 | M69: 202.15
A70: 3 | B70: PAIR_003 | C70: ICE | D70: INTERCITY | E70: Maduravoyal ↔ Silk Board | F70: Madhuravoyal to SilkBoard | G70: 0 | H70: 35.983333 | I70: 0.35 | J70: 4.0833333 | K70: 62.08705 | L70: 50.533333 | M70: 205.36038
A71: 4 | B71: PAIR_004 | C71: EV | D71: INTERCITY | E71: Chennai ↔ Pondicherry | F71: Chennai to Pondicherry | G71: 0 | H71: 25.883333 | I71: 8.15 | J71: 8.0166667 | K71: 55.883333 | L71: 40.116667 | M71: 102.39363
A72: 4 | B72: PAIR_004 | C72: ICE | D72: INTERCITY | E72: Chennai ↔ Pondicherry | F72: Chennai to Pondicherry | G72: 0 | H72: 69.483333 | I72: 9.95 | J72: 1.7166667 | K72: 25.133333 | L72: 23.433333 | M72: 144.63333
A73: 5 | B73: PAIR_005 | C73: EV | D73: INTERCITY | E73: Chennai ↔ Pondicherry | F73: Chennai to Pondicherry | G73: 0 | H73: 25.883333 | I73: 4.9333333 | J73: 5.9333333 | K73: 52.333333 | L73: 37.574967 | M73: 82.933617
A74: 5 | B74: PAIR_005 | C74: ICE | D74: INTERCITY | E74: Chennai ↔ Pondicherry | F74: Chennai to Pondicherry | G74: 0 | H74: 31.8 | I74: 0 | J74: 1.5 | K74: 30.466667 | L74: 23 | M74: 134.38333
A75: 6 | B75: PAIR_006 | C75: EV | D75: INTERCITY | E75: Chennai ↔ Pondicherry | F75: Chennai to Pondicherry | G75: 0 | H75: 30.183333 | I75: 14.291517 | J75: 2.1 | K75: 48.092233 | L75: 33.45 | M75: 93.4
A76: 6 | B76: PAIR_006 | C76: ICE | D76: INTERCITY | E76: Chennai ↔ Pondicherry | F76: Chennai to Pondicherry | G76: 0 | H76: 69.483333 | I76: 9.95 | J76: 1.7166667 | K76: 25.133333 | L76: 23.433333 | M76: 144.63333
... A172: 54 | B172: PAIR_054 | C172: ICE | D172: INTERCITY | E172: Madiwala to Madhuravoyal | F172: Madiwala to Madhuravoyal | G172: 0 | H172: 24.316667 | I172: 2.6666667 | J172: 5.6833333 | K172: 44.466667 | L172: 32.45 | M172: 243.15
A175: Table 3: STRICT + NONSTRICT COMBINED - Phase Distance Comparison (km)
A178: Pair | B178: Pair ID | C178: Vehicle | D178: Category | E178: Route Group | F178: Trips | G178: CHARGING / REFUELING | H178: STOP | I178: IDLE | J178: INCHING | K178: ACC | L178: DEC | M178: CRUISE
A179: 1 | B179: PAIR_001 | C179: EV | D179: INTERCITY | E179: Maduravoyal ↔ Silk Board | F179: SilkBoard to Madhuravoyal | G179: 0.31331323 | H179: 0.041652319 | I179: 0.15596841 | J179: 0.4492738 | K179: 60.308697 | L179: 44.619089 | M179: 199.27859
A180: 1 | B180: PAIR_001 | C180: ICE | D180: INTERCITY | E180: Maduravoyal ↔ Silk Board | F180: SilkBoard to Madhuravoyal | G180: 0 | H180: 0.2136487 | I180: 0 | J180: 0.30731282 | K180: 55.580882 | L180: 38.886325 | M180: 215.48607
A181: 2 | B181: PAIR_002 | C181: EV | D181: INTERCITY | E181: Maduravoyal ↔ Silk Board | F181: SilkBoard to Madhuravoyal | G181: 0.31331323 | H181: 0.041652319 | I181: 0.15596841 | J181: 0.4492738 | K181: 60.301496 | L181: 44.619089 | M181: 199.22648
A182: 2 | B182: PAIR_002 | C182: ICE | D182: INTERCITY | E182: Maduravoyal ↔ Silk Board | F182: SilkBoard to Madhuravoyal | G182: 0 | H182: 0.083882197 | I182: 0.03091496 | J182: 0.23093108 | K182: 57.928894 | L182: 43.162925 | M182: 203.77853
A183: 3 | B183: PAIR_003 | C183: EV | D183: INTERCITY | E183: Maduravoyal ↔ Silk Board | F183: Madhuravoyal to SilkBoard | G183: 0.3220724 | H183: 0.46962669 | I183: 0 | J183: 0.2646788 | K183: 46.828639 | L183: 41.95381 | M183: 230.50068
A184: 3 | B184: PAIR_003 | C184: ICE | D184: INTERCITY | E184: Maduravoyal ↔ Silk Board | F184: Madhuravoyal to SilkBoard | G184: 0 | H184: 0.34734042 | I184: 0 | J184: 0.4374014 | K184: 58.410381 | L184: 47.464359 | M184: 214.02954
A185: 4 | B185: PAIR_004 | C185: EV | D185: INTERCITY | E185: Chennai ↔ Pondicherry | F185: Chennai to Pondicherry | G185: 0 | H185: 0.35568686 | I185: 0.57585003 | J185: 0.6265752 | K185: 44.777395 | L185: 31.03077 | M185: 70.832492
A186: 4 | B186: PAIR_004 | C186: ICE | D186: INTERCITY | E186: Chennai ↔ Pondicherry | F186: Chennai to Pondicherry | G186: 0 | H186: 0.83987814 | I186: 1.7979996 | J186: 0.57590785 | K186: 16.043683 | L186: 16.779597 | M186: 112.08835
A187: 5 | B187: PAIR_005 | C187: EV | D187: INTERCITY | E187: Chennai ↔ Pondicherry | F187: Chennai to Pondicherry | G187: 0 | H187: 0.35568686 | I187: 0.46935935 | J187: 0.35650575 | K187: 43.251328 | L187: 30.282042 | M187: 66.907082
A188: 5 | B188: PAIR_005 | C188: ICE | D188: INTERCITY | E188: Chennai ↔ Pondicherry | F188: Chennai to Pondicherry | G188: 0 | H188: 0.2215609 | I188: 0 | J188: 0.11647474 | K188: 21.522287 | L188: 17.072623 | M188: 102.73816
A189: 6 | B189: PAIR_006 | C189: EV | D189: INTERCITY | E189: Chennai ↔ Pondicherry | F189: Chennai to Pondicherry | G189: 0 | H189: 0.38306582 | I189: 2.3361161 | J189: 0.20461421 | K189: 38.63607 | L189: 26.286683 | M189: 80.361863
A190: 6 | B190: PAIR_006 | C190: ICE | D190: INTERCITY | E190: Chennai ↔ Pondicherry | F190: Chennai to Pondicherry | G190: 0 | H190: 0.83987814 | I190: 1.7979996 | J190: 0.57590785 | K190: 16.043683 | L190: 16.779597 | M190: 112.11315
... A286: 54 | B286: PAIR_054 | C286: ICE | D286: INTERCITY | E286: Madiwala to Madhuravoyal | F286: Madiwala to Madhuravoyal | G286: 0 | H286: 0.44236745 | I286: 0.42826574 | J286: 0.51104472 | K286: 36.406614 | L286: 29.047823 | M286: 258.19733

Sheet D01_Chennai_to_Pondicherry_STRI
A1: Table 1: ROUTE DIRECTION: Chennai → Pondicherry | STRICT - EV vs ICE Trip Summary
A4: Pair | B4: Pair ID | C4: Pair Class | D4: Category | E4: Route Group | F4: Trips | G4: EV Date | H4: ICE Date | I4: EV Distance (km) | J4: ICE Distance (km) | K4: EV TAT (min) | L4: ICE TAT (min) | M4: EV Start Time | N4: EV End Time | O4: ICE Start Time | P4: ICE End Time | Q4: EV Moving Avg Speed (km/h) | R4: ICE Moving Avg Speed (km/h)
A5: 4 | B5: PAIR_004 | C5: STRICT | D5: INTERCITY | E5: Chennai ↔ Pondicherry | F5: Chennai to Pondicherry | G5: 15-07-2026 | H5: 15-07-2026 | I5: 148.19877 | J5: 148.12542 | K5: 240.44363 | L5: 274.35 | M5: 09:22:41 | N5: 13:23:07 | O5: 11:20:23 | P5: 15:54:44 | Q5: 42.808106 | R5: 44.784536
A6: 18 | B6: PAIR_018 | C6: STRICT | D6: INTERCITY | E6: Chennai ↔ Pondicherry | F6: Chennai to Pondicherry | G6: 17-07-2026 | H6: 17-07-2026 | I6: 141.59905 | J6: 141.66631 | K6: 205.64342 | L6: 221.15 | M6: 08:09:07 | N6: 11:34:46 | O6: 11:43:51 | P6: 15:25:00 | Q6: 51.089289 | R6: 44.820093
A7: 28 | B7: PAIR_028 | C7: STRICT | D7: INTERCITY | E7: Chennai ↔ Pondicherry | F7: Chennai to Pondicherry | G7: 19-07-2026 | H7: 19-07-2026 | I7: 145.90644 | J7: 145.99433 | K7: 195.4022 | L7: 266.86322 | M7: 09:18:36 | N7: 12:34:01 | O7: 11:08:45 | P7: 15:35:36 | Q7: 48.032687 | R7: 45.342765
A8: 51 | B8: PAIR_051 | C8: STRICT | D8: INTERCITY | E8: Chennai ↔ Pondicherry | F8: Chennai to Pondicherry | G8: 25-09-2026 | H8: 25-09-2026 | I8: 153.67648 | J8: 153.53074 | K8: 265.81493 | L8: 285.56667 | M8: 13:29:18 | N8: 17:55:07 | O8: 14:27:10 | P8: 19:12:44 | Q8: 45.911374 | R8: 41.347135
A11: Table 2: ROUTE DIRECTION: Chennai → Pondicherry | STRICT - Phase Time Comparison (min)
A14: Pair | B14: Pair ID | C14: Vehicle | D14: Category | E14: Route Group | F14: Trips | G14: CHARGING / REFUELING | H14: STOP | I14: IDLE | J14: INCHING | K14: ACC | L14: DEC | M14: CRUISE
A15: 4 | B15: PAIR_004 | C15: EV | D15: INTERCITY | E15: Chennai ↔ Pondicherry | F15: Chennai to Pondicherry | G15: 0 | H15: 25.883333 | I15: 8.15 | J15: 8.0166667 | K15: 55.883333 | L15: 40.116667 | M15: 102.39363
A16: 4 | B16: PAIR_004 | C16: ICE | D16: INTERCITY | E16: Chennai ↔ Pondicherry | F16: Chennai to Pondicherry | G16: 0 | H16: 69.483333 | I16: 9.95 | J16: 1.7166667 | K16: 25.133333 | L16: 23.433333 | M16: 144.63333
A17: 18 | B17: PAIR_018 | C17: EV | D17: INTERCITY | E17: Chennai ↔ Pondicherry | F17: Chennai to Pondicherry | G17: 0 | H17: 30.183333 | I17: 12.0548 | J17: 2.1 | K17: 43.833333 | L17: 30.25 | M17: 87.22195
A18: 18 | B18: PAIR_018 | C18: ICE | D18: INTERCITY | E18: Chennai ↔ Pondicherry | F18: Chennai to Pondicherry | G18: 0 | H18: 31.8 | I18: 0 | J18: 1.5 | K18: 30.466667 | L18: 23 | M18: 134.38333
A19: 28 | B19: PAIR_028 | C19: EV | D19: INTERCITY | E19: Chennai ↔ Pondicherry | F19: Chennai to Pondicherry | G19: 0 | H19: 8.9333333 | I19: 5.4188667 | J19: 0 | K19: 46.883333 | L19: 35.666667 | M19: 98.5
A20: 28 | B20: PAIR_028 | C20: ICE | D20: INTERCITY | E20: Chennai ↔ Pondicherry | F20: Chennai to Pondicherry | G20: 0 | H20: 71.083333 | I20: 4.05 | J20: 9.24655 | K20: 38.683333 | L20: 26.816667 | M20: 116.98333
A21: 51 | B21: PAIR_051 | C21: EV | D21: INTERCITY | E21: Chennai ↔ Pondicherry | F21: Chennai to Pondicherry | G21: 0 | H21: 35.566667 | I21: 30.984083 | J21: 3.3 | K21: 67.48085 | L21: 48.566667 | M21: 79.916667
A22: 51 | B22: PAIR_051 | C22: ICE | D22: INTERCITY | E22: Chennai ↔ Pondicherry | F22: Chennai to Pondicherry | G22: 0 | H22: 48.183333 | I22: 17.666667 | J22: 10.233333 | K22: 51.033333 | L22: 37.133333 | M22: 121.31667
A25: Table 3: ROUTE DIRECTION: Chennai → Pondicherry | STRICT - Phase Distance Comparison (km)
A28: Pair | B28: Pair ID | C28: Vehicle | D28: Category | E28: Route Group | F28: Trips | G28: CHARGING / REFUELING | H28: STOP | I28: IDLE | J28: INCHING | K28: ACC | L28: DEC | M28: CRUISE
A29: 4 | B29: PAIR_004 | C29: EV | D29: INTERCITY | E29: Chennai ↔ Pondicherry | F29: Chennai to Pondicherry | G29: 0 | H29: 0.35568686 | I29: 0.57585003 | J29: 0.6265752 | K29: 44.777395 | L29: 31.03077 | M29: 70.832492
A30: 4 | B30: PAIR_004 | C30: ICE | D30: INTERCITY | E30: Chennai ↔ Pondicherry | F30: Chennai to Pondicherry | G30: 0 | H30: 0.83987814 | I30: 1.7979996 | J30: 0.57590785 | K30: 16.043683 | L30: 16.779597 | M30: 112.08835
A31: 18 | B31: PAIR_018 | C31: EV | D31: INTERCITY | E31: Chennai ↔ Pondicherry | F31: Chennai to Pondicherry | G31: 0 | H31: 0.38306582 | I31: 2.0783272 | J31: 0.20461421 | K31: 36.808471 | L31: 24.895439 | M31: 77.229138
A32: 18 | B32: PAIR_018 | C32: ICE | D32: INTERCITY | E32: Chennai ↔ Pondicherry | F32: Chennai to Pondicherry | G32: 0 | H32: 0.2215609 | I32: 0 | J32: 0.11647474 | K32: 21.520259 | L32: 17.069852 | M32: 102.73816
A33: 28 | B33: PAIR_028 | C33: EV | D33: INTERCITY | E33: Chennai ↔ Pondicherry | F33: Chennai to Pondicherry | G33: 0 | H33: 0.25917593 | I33: 0.70863314 | J33: 0 | K33: 37.603305 | L33: 27.742805 | M33: 79.592524
A34: 28 | B34: PAIR_028 | C34: ICE | D34: INTERCITY | E34: Chennai ↔ Pondicherry | F34: Chennai to Pondicherry | G34: 0 | H34: 0.54905124 | I34: 0.55256307 | J34: 0.82406644 | K34: 27.60991 | L34: 19.892928 | M34: 96.565812
A35: 51 | B35: PAIR_051 | C35: EV | D35: INTERCITY | E35: Chennai ↔ Pondicherry | F35: Chennai to Pondicherry | G35: 0 | H35: 0.59332623 | I35: 0.60827749 | J35: 0.30723606 | K35: 47.848228 | L35: 34.798058 | M35: 69.521351
A36: 51 | B36: PAIR_051 | C36: ICE | D36: INTERCITY | E36: Chennai ↔ Pondicherry | F36: Chennai to Pondicherry | G36: 0 | H36: 0.65269298 | I36: 1.4671354 | J36: 1.3255292 | K36: 32.194797 | L36: 24.264149 | M36: 93.626437

Sheet D02_Chennai_to_Pondicherry_NONS
A1: Table 1: ROUTE DIRECTION: Chennai → Pondicherry | NONSTRICT - EV vs ICE Trip Summary
A4: Pair | B4: Pair ID | C4: Pair Class | D4: Category | E4: Route Group | F4: Trips | G4: EV Date | H4: ICE Date | I4: EV Distance (km) | J4: ICE Distance (km) | K4: EV TAT (min) | L4: ICE TAT (min) | M4: EV Start Time | N4: EV End Time | O4: ICE Start Time | P4: ICE End Time | Q4: EV Moving Avg Speed (km/h) | R4: ICE Moving Avg Speed (km/h)
A5: 5 | B5: PAIR_005 | C5: NONSTRICT | D5: INTERCITY | E5: Chennai ↔ Pondicherry | F5: Chennai to Pondicherry | G5: 15-07-2026 | H5: 17-07-2026 | I5: 141.622 | J5: 141.6711 | K5: 209.59192 | L5: 221.15 | M5: 09:56:19 | N5: 13:25:55 | O5: 11:43:51 | P5: 15:25:00 | Q5: 47.253842 | R5: 44.821614
A6: 6 | B6: PAIR_006 | C6: NONSTRICT | D6: INTERCITY | E6: Chennai ↔ Pondicherry | F6: Chennai to Pondicherry | G6: 17-07-2026 | H6: 15-07-2026 | I6: 148.20841 | J6: 148.15022 | K6: 221.51708 | L6: 274.35 | M6: 07:51:32 | N6: 11:33:03 | O6: 11:20:23 | P6: 15:54:44 | Q6: 49.306618 | R6: 44.79217
A7: 7 | B7: PAIR_007 | C7: NONSTRICT | D7: INTERCITY | E7: Chennai ↔ Pondicherry | F7: Chennai to Pondicherry | G7: 15-07-2026 | H7: 19-07-2026 | I7: 146.11036 | J7: 146.19417 | K7: 232.89157 | L7: 269.21667 | M7: 09:38:15 | N7: 13:31:09 | O7: 11:08:45 | P7: 15:37:58 | Q7: 44.761539 | R7: 44.849028
A8: 8 | B8: PAIR_008 | C8: NONSTRICT | D8: INTERCITY | E8: Chennai ↔ Pondicherry | F8: Chennai to Pondicherry | G8: 19-07-2026 | H8: 15-07-2026 | I8: 147.80638 | J8: 147.73471 | K8: 199.78013 | L8: 272.70877 | M8: 09:10:36 | N8: 12:30:22 | O8: 11:22:01 | P8: 15:54:44 | Q8: 48.109431 | R8: 45.043541
A9: 9 | B9: PAIR_009 | C9: NONSTRICT | D9: INTERCITY | E9: Chennai ↔ Pondicherry | F9: Chennai to Pondicherry | G9: 15-07-2026 | H9: 25-09-2026 | I9: 153.53484 | J9: 153.55266 | K9: 299.5047 | L9: 285.56667 | M9: 08:26:24 | N9: 13:25:55 | O9: 14:27:10 | P9: 19:12:44 | Q9: 41.136903 | R9: 41.353121
A10: 10 | B10: PAIR_010 | C10: NONSTRICT | D10: INTERCITY | E10: Chennai ↔ Pondicherry | F10: Chennai to Pondicherry | G10: 25-09-2026 | H10: 15-07-2026 | I10: 148.40811 | J10: 148.16934 | K10: 247.26765 | L10: 274.35 | M10: 13:45:53 | N10: 17:53:09 | O10: 11:20:23 | P10: 15:54:44 | Q10: 47.637753 | R10: 44.798057
A11: 19 | B11: PAIR_019 | C11: NONSTRICT | D11: INTERCITY | E11: Chennai ↔ Pondicherry | F11: Chennai to Pondicherry | G11: 17-07-2026 | H11: 19-07-2026 | I11: 146.11778 | J11: 146.22655 | K11: 219.93658 | L11: 269.21667 | M11: 07:59:53 | N11: 11:39:50 | O11: 11:08:45 | P11: 15:37:58 | Q11: 48.977518 | R11: 44.857642
A12: 20 | B12: PAIR_020 | C12: NONSTRICT | D12: INTERCITY | E12: Chennai ↔ Pondicherry | F12: Chennai to Pondicherry | G12: 19-07-2026 | H12: 17-07-2026 | I12: 141.71781 | J12: 141.71373 | K12: 186.11555 | L12: 221.15 | M12: 09:26:56 | N12: 12:33:03 | O12: 11:43:51 | P12: 15:25:00 | Q12: 48.979848 | R12: 44.835121
A13: 21 | B13: PAIR_021 | C13: NONSTRICT | D13: INTERCITY | E13: Chennai ↔ Pondicherry | F13: Chennai to Pondicherry | G13: 17-07-2026 | H13: 25-09-2026 | I13: 153.58029 | J13: 153.58804 | K13: 235.7315 | L13: 285.56667 | M13: 07:39:02 | N13: 11:34:46 | O13: 14:27:10 | P13: 19:12:44 | Q13: 47.72215 | R13: 41.362781
A14: 22 | B14: PAIR_022 | C14: NONSTRICT | D14: INTERCITY | E14: Chennai ↔ Pondicherry | F14: Chennai to Pondicherry | G14: 25-09-2026 | H14: 17-07-2026 | I14: 141.83174 | J14: 141.6734 | K14: 221.12243 | L14: 221.15 | M14: 14:13:59 | N14: 17:55:07 | O14: 11:43:51 | P14: 15:25:00 | Q14: 49.270306 | R14: 44.822341
A15: 29 | B15: PAIR_029 | C15: NONSTRICT | D15: INTERCITY | E15: Chennai ↔ Pondicherry | F15: Chennai to Pondicherry | G15: 19-07-2026 | H15: 25-09-2026 | I15: 148.61846 | J15: 148.55222 | K15: 202.45428 | L15: 266.73758 | M15: 09:10:36 | N15: 12:33:03 | O15: 14:45:59 | P15: 19:12:44 | Q15: 47.685896 | R15: 42.94453
A16: 30 | B16: PAIR_030 | C16: NONSTRICT | D16: INTERCITY | E16: Chennai ↔ Pondicherry | F16: Chennai to Pondicherry | G16: 25-09-2026 | H16: 19-07-2026 | I16: 145.97733 | J16: 145.88934 | K16: 255.74388 | L16: 265.62998 | M16: 13:56:09 | N16: 18:11:54 | O16: 11:08:45 | P16: 15:34:22 | Q16: 47.24523 | R16: 45.594972
A19: Table 2: ROUTE DIRECTION: Chennai → Pondicherry | NONSTRICT - Phase Time Comparison (min)
A22: Pair | B22: Pair ID | C22: Vehicle | D22: Category | E22: Route Group | F22: Trips | G22: CHARGING / REFUELING | H22: STOP | I22: IDLE | J22: INCHING | K22: ACC | L22: DEC | M22: CRUISE
A23: 5 | B23: PAIR_005 | C23: EV | D23: INTERCITY | E23: Chennai ↔ Pondicherry | F23: Chennai to Pondicherry | G23: 0 | H23: 25.883333 | I23: 4.9333333 | J23: 5.9333333 | K23: 52.333333 | L23: 37.574967 | M23: 82.933617
A24: 5 | B24: PAIR_005 | C24: ICE | D24: INTERCITY | E24: Chennai ↔ Pondicherry | F24: Chennai to Pondicherry | G24: 0 | H24: 31.8 | I24: 0 | J24: 1.5 | K24: 30.466667 | L24: 23 | M24: 134.38333
A25: 6 | B25: PAIR_006 | C25: EV | D25: INTERCITY | E25: Chennai ↔ Pondicherry | F25: Chennai to Pondicherry | G25: 0 | H25: 30.183333 | I25: 14.291517 | J25: 2.1 | K25: 48.092233 | L25: 33.45 | M25: 93.4
A26: 6 | B26: PAIR_006 | C26: ICE | D26: INTERCITY | E26: Chennai ↔ Pondicherry | F26: Chennai to Pondicherry | G26: 0 | H26: 69.483333 | I26: 9.95 | J26: 1.7166667 | K26: 25.133333 | L26: 23.433333 | M26: 144.63333
A27: 7 | B27: PAIR_007 | C27: EV | D27: INTERCITY | E27: Chennai ↔ Pondicherry | F27: Chennai to Pondicherry | G27: 0 | H27: 29.404417 | I27: 9.23715 | J27: 8.0166667 | K27: 55.05 | L27: 38.85 | M27: 92.333333
A28: 7 | B28: PAIR_007 | C28: ICE | D28: INTERCITY | E28: Chennai ↔ Pondicherry | F28: Chennai to Pondicherry | G28: 0 | H28: 71.083333 | I28: 4.05 | J28: 11.6 | K28: 38.683333 | L28: 26.816667 | M28: 116.98333
A29: 8 | B29: PAIR_008 | C29: EV | D29: INTERCITY | E29: Chennai ↔ Pondicherry | F29: Chennai to Pondicherry | G29: 0 | H29: 12.033333 | I29: 4.75 | J29: 0 | K29: 46.9 | L29: 35.55 | M29: 100.5468
A30: 8 | B30: PAIR_008 | C30: ICE | D30: INTERCITY | E30: Chennai ↔ Pondicherry | F30: Chennai to Pondicherry | G30: 0 | H30: 69.483333 | I30: 9.95 | J30: 1.2666667 | K30: 25.125433 | L30: 23.433333 | M30: 143.45
A31: 9 | B31: PAIR_009 | C31: EV | D31: INTERCITY | E31: Chennai ↔ Pondicherry | F31: Chennai to Pondicherry | G31: 0 | H31: 68.95 | I31: 8.15 | J31: 8.0166667 | K31: 58.3 | L31: 42.616667 | M31: 113.47137
A32: 9 | B32: PAIR_009 | C32: ICE | D32: INTERCITY | E32: Chennai ↔ Pondicherry | F32: Chennai to Pondicherry | G32: 0 | H32: 48.183333 | I32: 17.666667 | J32: 9.9 | K32: 51.033333 | L32: 37.133333 | M32: 121.65
A33: 10 | B33: PAIR_010 | C33: EV | D33: INTERCITY | E33: Chennai ↔ Pondicherry | F33: Chennai to Pondicherry | G33: 0 | H33: 35.566667 | I33: 26.165717 | J33: 2.05 | K33: 63.035267 | L33: 45.45 | M33: 75
A34: 10 | B34: PAIR_010 | C34: ICE | D34: INTERCITY | E34: Chennai ↔ Pondicherry | F34: Chennai to Pondicherry | G34: 0 | H34: 69.483333 | I34: 9.95 | J34: 1.7166667 | K34: 25.133333 | L34: 23.433333 | M34: 144.63333
... A46: 30 | B46: PAIR_030 | C46: ICE | D46: INTERCITY | E46: Chennai ↔ Pondicherry | F46: Chennai to Pondicherry | G46: 0 | H46: 71.083333 | I46: 4.05 | J46: 7.6833333 | K46: 38.683333 | L46: 26.816667 | M46: 117.31332
A49: Table 3: ROUTE DIRECTION: Chennai → Pondicherry | NONSTRICT - Phase Distance Comparison (km)
A52: Pair | B52: Pair ID | C52: Vehicle | D52: Category | E52: Route Group | F52: Trips | G52: CHARGING / REFUELING | H52: STOP | I52: IDLE | J52: INCHING | K52: ACC | L52: DEC | M52: CRUISE
A53: 5 | B53: PAIR_005 | C53: EV | D53: INTERCITY | E53: Chennai ↔ Pondicherry | F53: Chennai to Pondicherry | G53: 0 | H53: 0.35568686 | I53: 0.46935935 | J53: 0.35650575 | K53: 43.251328 | L53: 30.282042 | M53: 66.907082
A54: 5 | B54: PAIR_005 | C54: ICE | D54: INTERCITY | E54: Chennai ↔ Pondicherry | F54: Chennai to Pondicherry | G54: 0 | H54: 0.2215609 | I54: 0 | J54: 0.11647474 | K54: 21.522287 | L54: 17.072623 | M54: 102.73816
A55: 6 | B55: PAIR_006 | C55: EV | D55: INTERCITY | E55: Chennai ↔ Pondicherry | F55: Chennai to Pondicherry | G55: 0 | H55: 0.38306582 | I55: 2.3361161 | J55: 0.20461421 | K55: 38.63607 | L55: 26.286683 | M55: 80.361863
A56: 6 | B56: PAIR_006 | C56: ICE | D56: INTERCITY | E56: Chennai ↔ Pondicherry | F56: Chennai to Pondicherry | G56: 0 | H56: 0.83987814 | I56: 1.7979996 | J56: 0.57590785 | K56: 16.043683 | L56: 16.779597 | M56: 112.11315
